-- ============================================================
-- 智联招聘数据分析 - 三张图SQL建表
-- Q: 城市需求排名 | P: 城市学历结构 | R: 城市经验结构
-- ============================================================

SET FOREIGN_KEY_CHECKS=0;

-- ============================================================
-- Q: 城市需求排名
-- ============================================================

DROP TABLE IF EXISTS `ads_city_demand`;

CREATE TABLE `ads_city_demand` (
  `city` varchar(50) DEFAULT NULL COMMENT '城市',
  `job_count` int(11) DEFAULT NULL COMMENT '岗位数量',
  `rank` int(11) DEFAULT NULL COMMENT '需求排名',
  `pct` double DEFAULT NULL COMMENT '需求占比(%)'
) ENGINE=InnoDB DEFAULT CHARSET=utf8mb4;

INSERT INTO `ads_city_demand` VALUES
('北京',16650,1,17.44),('成都',5701,2,5.97),('郑州',4760,3,4.99),('上海',3934,4,4.12),('深圳',3731,5,3.91),('广州',3250,6,3.4),('西安',2956,7,3.1),('天津',2695,8,2.82),('济南',2301,9,2.41),('南京',2120,10,2.22),('沈阳',2072,11,2.17),('武汉',1954,12,2.05),('青岛',1821,13,1.91),('石家庄',1814,14,1.9),('长沙',1583,15,1.66),('杭州',1546,16,1.62),('合肥',1446,17,1.51),('苏州',1424,18,1.49),('太原',1311,19,1.37),('重庆',1222,20,1.28),('长春',1140,21,1.19),('哈尔滨',936,22,0.98),('福州',832,23,0.87),('珠海',788,24,0.83),('佛山',782,25,0.82),('乌鲁木齐',748,26,0.78),('东莞',731,27,0.77),('无锡',589,28,0.62),('南昌',559,29,0.59),('呼和浩特',526,30,0.55),('烟台',520,31,0.54),('大连',520,32,0.54),('贵阳',504,33,0.53),('昆明',494,34,0.52),('厦门',493,35,0.52),('南通',487,36,0.51),('保定',482,37,0.5),('洛阳',439,38,0.46),('扬州',424,39,0.44),('海口',412,40,0.43),('惠州',382,41,0.4),('徐州',380,42,0.4),('泉州',364,43,0.38),('许昌',362,44,0.38),('宁波',362,45,0.38),('温州',358,46,0.37),('常州',352,47,0.37),('泰安',349,48,0.37),('唐山',338,49,0.35),('潍坊',336,50,0.35),('绵阳',331,51,0.35),('沧州',297,52,0.31),('吉林市',269,53,0.28),('安阳',268,54,0.28),('南宁',259,55,0.27),('兰州',258,56,0.27),('泰州',255,57,0.27),('包头',244,58,0.26),('邯郸',243,59,0.25),('济宁',241,60,0.25),('金华',238,61,0.25),('新乡',232,62,0.24),('银川',231,63,0.24),('秦皇岛',230,64,0.24),('连云港',229,65,0.24),('芜湖',225,66,0.24),('临沂',221,67,0.23),('南阳',216,68,0.23),('绍兴',203,69,0.21),('廊坊',201,70,0.21),('宜昌',201,71,0.21),('德州',200,72,0.21),('嘉兴',188,73,0.2),('三亚',182,74,0.19),('襄阳',177,75,0.19),('邢台',173,76,0.18),('德阳',164,77,0.17),('东营',162,78,0.17),('西宁',157,79,0.16),('聊城',151,80,0.16),('淮安',147,81,0.15),('淄博',147,82,0.15),('西咸新区',144,83,0.15),('赤峰',143,84,0.15),('上饶',139,85,0.15),('衡水',133,86,0.14),('平顶山',131,87,0.14),('阜阳',128,88,0.13),('盐城',128,89,0.13),('宿迁',127,90,0.13),('泸州',127,91,0.13),('九江',126,92,0.13),('张家口',125,93,0.13),('镇江',122,94,0.13),('周口',121,95,0.13),('宜宾',120,96,0.13),('菏泽',118,97,0.12),('宜春',117,98,0.12),('拉萨',111,99,0.12),('滨州',110,100,0.12),('湘潭',110,101,0.12),('营口',108,102,0.11),('威海',105,103,0.11),('中山',104,104,0.11),('通化',103,105,0.11),('牡丹江',103,106,0.11),('濮阳',103,107,0.11),('衢州',101,108,0.11),('鄂尔多斯',96,109,0.1),('长治',92,110,0.1),('商丘',86,111,0.09),('开封',85,112,0.09),('咸阳',82,113,0.09),('漯河',81,114,0.08),('湖州',81,115,0.08),('吕梁',80,116,0.08),('江门',80,117,0.08),('蚌埠',79,118,0.08),('眉山',79,119,0.08),('台州',77,120,0.08),('榆林',75,121,0.08),('鞍山',75,122,0.08),('日照',72,123,0.08),('株洲',66,124,0.07),('马鞍山',65,125,0.07),('吉安',65,126,0.07),('湛江',62,127,0.06),('信阳',61,128,0.06),('葫芦岛',60,129,0.06),('滁州',60,130,0.06),('亳州',58,131,0.06),('焦作',57,132,0.06),('昌吉',57,133,0.06),('盘锦',57,134,0.06),('驻马店',55,135,0.06),('大庆',53,136,0.06),('抚州',53,137,0.06),('阿坝',53,138,0.06),('赣州',51,139,0.05),('肇庆',51,140,0.05),('漳州',51,141,0.05),('临汾',50,142,0.05),('汕尾',47,143,0.05),('巴音郭楞',47,144,0.05),('黔西南',47,145,0.05),('孝感',46,146,0.05),('岳阳',45,147,0.05),('丽水',45,148,0.05),('清远',44,149,0.05),('宝鸡',44,150,0.05),('乐山',43,151,0.05),('安康',43,152,0.05),('宁德',43,153,0.05),('安庆',42,154,0.04),('晋中',41,155,0.04),('咸宁',41,156,0.04),('丹东',41,157,0.04),('铜陵',40,158,0.04),('遂宁',40,159,0.04),('乌兰察布',39,160,0.04),('本溪',39,161,0.04),('通辽',39,162,0.04),('四川',39,163,0.04),('桂林',39,164,0.04),('娄底',38,165,0.04),('柳州',36,166,0.04),('六安',36,167,0.04),('十堰',36,168,0.04),('荆州',35,169,0.04),('攀枝花',35,170,0.04),('日喀则',33,171,0.03),('伊犁',31,172,0.03),('运城',31,173,0.03),('松原',31,174,0.03),('宣城',31,175,0.03),('承德',31,176,0.03),('淮北',30,177,0.03),('遵义',30,178,0.03),('锦州',30,179,0.03),('铜川',30,180,0.03),('阳泉',28,181,0.03),('齐齐哈尔',27,182,0.03),('巴彦淖尔',27,183,0.03),('香港',26,184,0.03),('云浮',26,185,0.03),('辽阳',26,186,0.03),('朝阳',25,187,0.03),('阿克苏',25,188,0.03),('景德镇',23,189,0.02),('哈密',23,190,0.02),('萍乡',22,191,0.02),('潮州',22,192,0.02),('衡阳',22,193,0.02),('益阳',21,194,0.02),('邵阳',21,195,0.02),('枣庄',21,196,0.02),('喀什',21,197,0.02),('韶关',20,198,0.02),('黄石',20,199,0.02),('龙岩',20,200,0.02),('海西',20,201,0.02),('汕头',20,202,0.02),('永州',19,203,0.02),('澄迈',19,204,0.02),('和田',19,205,0.02),('兴安盟',18,206,0.02),('荆门',17,207,0.02),('云南',17,208,0.02),('忻州',17,209,0.02),('怀化',17,210,0.02),('六盘水',17,211,0.02),('抚顺',15,212,0.02),('晋城',15,213,0.02),('鹤壁',15,214,0.02),('玉林',14,215,0.01),('毕节',14,216,0.01),('儋州',14,217,0.01),('广安',14,218,0.01),('莆田',14,219,0.01),('河南',14,220,0.01),('大同',14,221,0.01),('海南',14,222,0.01),('广东',14,223,0.01),('舟山',13,224,0.01),('汉中',13,225,0.01),('阳江',13,226,0.01),('黄冈',13,227,0.01),('陇南',13,228,0.01),('绥化',13,229,0.01),('克拉玛依',12,230,0.01),('自贡',12,231,0.01),('三明',12,232,0.01),('甘孜',12,233,0.01),('阜新',11,234,0.01),('黔南',11,235,0.01),('昭通',11,236,0.01),('山东',11,237,0.01),('新余',10,238,0.01),('江苏',10,239,0.01),('南充',10,240,0.01),('渭南',10,241,0.01),('梅州',10,242,0.01),('雅安',10,243,0.01),('石河子市',10,244,0.01),('酒泉',10,245,0.01),('乐东',10,246,0.01),('白银',10,247,0.01),('防城港',10,248,0.01),('钦州',10,249,0.01),('文山',10,250,0.01),('三门峡',9,251,0.01),('铜仁',9,252,0.01),('洋浦市/洋浦经济开发区',9,253,0.01),('茂名',9,254,0.01),('塔城',8,255,0.01),('内江',8,256,0.01),('天水',8,257,0.01),('黔东南',7,258,0.01),('虹口区',7,259,0.01),('鹤岗',7,260,0.01),('南平',6,261,0.01),('延边',6,262,0.01),('安顺',6,263,0.01),('淮南',6,264,0.01),('昌都',5,265,0.01),('陵水',5,266,0.01),('中卫',5,267,0.01),('红河',5,268,0.01),('锡林郭勒盟',5,269,0.01),('资阳',5,270,0.01),('凉山',5,271,0.01),('湘西',4,272,0.0),('朔州',4,273,0.0),('海东',4,274,0.0),('玉溪',4,275,0.0),('铁岭',4,276,0.0),('随州',4,277,0.0),('乌海',4,278,0.0),('琼海',4,279,0.0),('百色',4,280,0.0),('庆阳',4,281,0.0),('河池',4,282,0.0),('宿州',4,283,0.0),('常德',4,284,0.0),('鹰潭',3,285,0.0),('七台河',3,286,0.0),('图木舒克市',3,287,0.0),('崇左',3,288,0.0),('巴中',3,289,0.0),('五家渠市',3,290,0.0),('佳木斯',3,291,0.0),('林芝',3,292,0.0),('广元',2,293,0.0),('恩施',2,294,0.0),('固原',2,295,0.0),('鄂州',2,296,0.0),('德宏',2,297,0.0),('呼伦贝尔',2,298,0.0),('曲靖',2,299,0.0),('楚雄',2,300,0.0),('河源',2,301,0.0),('白城',2,302,0.0),('贵州',2,303,0.0),('郴州',2,304,0.0),('吴忠',1,305,0.0),('黑河',1,306,0.0),('临夏',1,307,0.0),('保山',1,308,0.0),('三沙',1,309,0.0),('吐鲁番',1,310,0.0),('仙桃市',1,311,0.0),('金昌',1,312,0.0),('四平',1,313,0.0),('宁夏',1,314,0.0),('延安',1,315,0.0),('文昌',1,316,0.0),('新星市',1,317,0.0),('白山',1,318,0.0),('西双版纳',1,319,0.0),('辽源',1,320,0.0),('梧州',1,321,0.0);

-- ============================================================
-- P: 城市学历结构
-- ============================================================

DROP TABLE IF EXISTS `ads_city_education`;

CREATE TABLE `ads_city_education` (
  `city` varchar(50) DEFAULT NULL COMMENT '城市',
  `education` varchar(50) DEFAULT NULL COMMENT '学历要求',
  `job_count` int(11) DEFAULT NULL COMMENT '岗位数量',
  `pct` double DEFAULT NULL COMMENT '该学历占该城市百分比(%)'
) ENGINE=InnoDB DEFAULT CHARSET=utf8mb4;

INSERT INTO `ads_city_education` VALUES
('七台河','大专',1,33.33),('七台河','本科',2,66.67),('三亚','其他',5,2.75),('三亚','大专',10,5.49),('三亚','本科',145,79.67),('三亚','硕士',22,12.09),('三明','大专',1,8.33),('三明','本科',8,66.67),('三明','硕士',3,25.0),('三沙','大专',1,100.0),('三门峡','本科',9,100.0),('上海','其他',108,2.75),('上海','大专',669,17.01),('上海','本科',2778,70.62),('上海','硕士',358,9.1),('上海','高中/中专',21,0.53),('上饶','其他',1,0.72),('上饶','大专',19,13.67),('上饶','本科',119,85.61),('东莞','其他',35,4.79),('东莞','大专',48,6.57),('东莞','本科',647,88.51),('东莞','硕士',1,0.14),('东营','大专',65,40.12),('东营','本科',91,56.17),('东营','硕士',2,1.23),('东营','高中/中专',4,2.47),('中卫','大专',1,20.0),('中卫','本科',4,80.0),('中山','大专',38,36.54),('中山','本科',64,61.54),('中山','硕士',2,1.92),('临夏','本科',1,100.0),('临汾','大专',1,2.0),('临汾','本科',49,98.0),('临沂','其他',31,14.03),('临沂','大专',65,29.41),('临沂','本科',112,50.68),('临沂','硕士',2,0.9),('临沂','高中/中专',11,4.98),('丹东','大专',21,51.22),('丹东','本科',18,43.9),('丹东','高中/中专',2,4.88),('丽水','大专',19,42.22),('丽水','本科',26,57.78),('乌兰察布','其他',6,15.38),('乌兰察布','大专',15,38.46),('乌兰察布','本科',18,46.15),('乌海','本科',4,100.0),('乌鲁木齐','其他',22,2.94),('乌鲁木齐','大专',191,25.53),('乌鲁木齐','本科',528,70.59),('乌鲁木齐','硕士',6,0.8),('乌鲁木齐','高中/中专',1,0.13),('乐东','大专',8,80.0),('乐东','本科',2,20.0),('乐山','其他',1,2.33),('乐山','大专',18,41.86),('乐山','本科',24,55.81),('九江','其他',10,7.94),('九江','大专',30,23.81),('九江','本科',83,65.87),('九江','高中/中专',3,2.38),('云南','本科',17,100.0),('云浮','本科',26,100.0),('五家渠市','大专',1,33.33),('五家渠市','本科',2,66.67),('亳州','其他',1,1.72),('亳州','大专',41,70.69),('亳州','本科',16,27.59),('仙桃市','本科',1,100.0),('伊犁','其他',2,6.45),('伊犁','大专',2,6.45),('伊犁','本科',27,87.1),('佛山','其他',31,3.96),('佛山','大专',179,22.89),('佛山','本科',529,67.65),('佛山','硕士',5,0.64),('佛山','高中/中专',38,4.86),('佳木斯','其他',3,100.0),('保定','其他',39,8.09),('保定','大专',237,49.17),('保定','本科',190,39.42),('保定','硕士',4,0.83),('保定','高中/中专',12,2.49),('保山','大专',1,100.0),('信阳','大专',10,16.39),('信阳','本科',50,81.97),('信阳','硕士',1,1.64),('儋州','大专',10,71.43),('儋州','本科',4,28.57),('克拉玛依','大专',1,8.33),('克拉玛依','本科',11,91.67),('六安','大专',2,5.56),('六安','本科',34,94.44),('六盘水','本科',17,100.0),('兰州','其他',7,2.71),('兰州','大专',94,36.43),('兰州','本科',157,60.85),('兴安盟','大专',12,66.67),('兴安盟','本科',6,33.33),('内江','本科',8,100.0),('凉山','大专',5,100.0),('包头','其他',21,8.61),('包头','大专',96,39.34),('包头','本科',121,49.59),('包头','高中/中专',6,2.46),('北京','其他',388,2.33),('北京','大专',2406,14.45),('北京','本科',11427,68.63),('北京','硕士',2382,14.31),('北京','高中/中专',47,0.28),('十堰','大专',31,86.11),('十堰','本科',5,13.89),('南京','其他',62,2.92),('南京','大专',615,29.01),('南京','本科',1317,62.12),('南京','硕士',119,5.61),('南京','高中/中专',7,0.33),('南充','本科',10,100.0),('南宁','大专',55,21.24),('南宁','本科',196,75.68),('南宁','硕士',1,0.39),('南宁','高中/中专',7,2.7),('南平','其他',1,16.67),('南平','本科',4,66.67),('南平','高中/中专',1,16.67),('南昌','其他',29,5.19),('南昌','大专',260,46.51),('南昌','本科',260,46.51),('南昌','硕士',6,1.07),('南昌','高中/中专',4,0.72),('南通','其他',69,14.17),('南通','大专',158,32.44),('南通','本科',252,51.75),('南通','硕士',7,1.44),('南通','高中/中专',1,0.21),('南阳','其他',57,26.39),('南阳','大专',52,24.07),('南阳','本科',106,49.07),('南阳','硕士',1,0.46),('厦门','其他',12,2.43),('厦门','大专',67,13.59),('厦门','本科',398,80.73),('厦门','硕士',14,2.84),('厦门','高中/中专',2,0.41),('台州','其他',4,5.19),('台州','大专',20,25.97),('台州','本科',53,68.83),('合肥','其他',82,5.67),('合肥','大专',648,44.81),('合肥','本科',671,46.4),('合肥','硕士',25,1.73),('合肥','高中/中专',20,1.38),('吉安','大专',12,18.46),('吉安','本科',51,78.46),('吉安','高中/中专',2,3.08),('吉林市','其他',34,12.64),('吉林市','大专',40,14.87),('吉林市','本科',182,67.66),('吉林市','硕士',7,2.6),('吉林市','高中/中专',6,2.23),('吐鲁番','本科',1,100.0),('吕梁','大专',8,10.0),('吕梁','本科',72,90.0),('吴忠','本科',1,100.0),('周口','其他',2,1.65),('周口','大专',56,46.28),('周口','本科',63,52.07),('呼伦贝尔','大专',2,100.0),('呼和浩特','其他',22,4.18),('呼和浩特','大专',178,33.84),('呼和浩特','本科',317,60.27),('呼和浩特','硕士',2,0.38),('呼和浩特','高中/中专',7,1.33),('和田','大专',5,26.32),('和田','本科',14,73.68),('咸宁','大专',39,95.12),('咸宁','本科',2,4.88),('咸阳','大专',8,9.76),('咸阳','本科',74,90.24),('哈密','大专',1,4.35),('哈密','本科',21,91.3),('哈密','硕士',1,4.35),('哈尔滨','其他',72,7.69),('哈尔滨','大专',364,38.89),('哈尔滨','本科',492,52.56),('哈尔滨','硕士',3,0.32),('哈尔滨','高中/中专',5,0.53),('唐山','其他',3,0.89),('唐山','大专',108,31.95),('唐山','本科',224,66.27),('唐山','硕士',3,0.89),('商丘','大专',34,39.53),('商丘','本科',52,60.47),('喀什','大专',17,80.95),('喀什','本科',4,19.05),('嘉兴','大专',81,43.09),('嘉兴','本科',106,56.38),('嘉兴','硕士',1,0.53),('四川','其他',3,7.69),('四川','大专',17,43.59),('四川','本科',19,48.72),('四平','本科',1,100.0),('固原','本科',2,100.0),('图木舒克市','本科',3,100.0),('塔城','本科',8,100.0),('大同','大专',10,71.43),('大同','本科',4,28.57),('大庆','其他',11,20.75),('大庆','大专',20,37.74),('大庆','本科',18,33.96),('大庆','高中/中专',4,7.55),('大连','其他',43,8.27),('大连','大专',96,18.46),('大连','本科',367,70.58),('大连','硕士',12,2.31),('大连','高中/中专',2,0.38),('天水','本科',8,100.0),('天津','其他',133,4.94),('天津','大专',665,24.68),('天津','本科',1796,66.64),('天津','硕士',93,3.45),('天津','高中/中专',8,0.3),('太原','其他',68,5.19),('太原','大专',502,38.29),('太原','本科',730,55.68),('太原','硕士',4,0.31),('太原','高中/中专',7,0.53),('威海','大专',25,23.81),('威海','本科',76,72.38),('威海','硕士',4,3.81),('娄底','其他',12,31.58),('娄底','大专',7,18.42),('娄底','本科',19,50.0),('孝感','大专',17,36.96),('孝感','本科',29,63.04),('宁夏','本科',1,100.0),('宁德','大专',3,6.98),('宁德','本科',34,79.07),('宁德','高中/中专',6,13.95),('宁波','其他',5,1.38),('宁波','大专',75,20.72),('宁波','本科',265,73.2),('宁波','硕士',16,4.42),('宁波','高中/中专',1,0.28),('安庆','其他',6,14.29),('安庆','大专',29,69.05),('安庆','本科',7,16.67),('安康','大专',33,76.74),('安康','本科',10,23.26),('安阳','其他',52,19.4),('安阳','大专',100,37.31),('安阳','本科',114,42.54),('安阳','高中/中专',2,0.75),('安顺','大专',1,16.67),('安顺','本科',5,83.33),('宜宾','其他',1,0.83),('宜宾','大专',76,63.33),('宜宾','本科',42,35.0),('宜宾','硕士',1,0.83),('宜昌','其他',17,8.46),('宜昌','大专',75,37.31),('宜昌','本科',109,54.23),('宜春','大专',11,9.4),('宜春','本科',106,90.6),('宝鸡','其他',8,18.18),('宝鸡','大专',14,31.82),('宝鸡','本科',21,47.73),('宝鸡','硕士',1,2.27),('宣城','大专',5,16.13),('宣城','本科',26,83.87),('宿州','大专',1,25.0),('宿州','本科',3,75.0),('宿迁','其他',2,1.57),('宿迁','大专',9,7.09),('宿迁','本科',112,88.19),('宿迁','硕士',4,3.15),('山东','本科',11,100.0),('岳阳','大专',27,60.0),('岳阳','本科',18,40.0),('崇左','大专',1,33.33),('崇左','本科',2,66.67),('巴中','大专',1,33.33),('巴中','本科',2,66.67),('巴彦淖尔','大专',11,40.74),('巴彦淖尔','本科',16,59.26),('巴音郭楞','其他',7,14.89),('巴音郭楞','大专',10,21.28),('巴音郭楞','本科',30,63.83),('常州','其他',27,7.67),('常州','大专',149,42.33),('常州','本科',155,44.03),('常州','硕士',14,3.98),('常州','高中/中专',7,1.99),('常德','本科',4,100.0),('平顶山','其他',17,12.98),('平顶山','大专',59,45.04),('平顶山','本科',44,33.59),('平顶山','高中/中专',11,8.4),('广东','其他',1,7.14),('广东','大专',2,14.29),('广东','本科',11,78.57),('广元','本科',2,100.0),('广安','大专',8,57.14),('广安','本科',6,42.86),('广州','其他',109,3.35),('广州','大专',751,23.11),('广州','本科',2211,68.03),('广州','硕士',133,4.09),('广州','高中/中专',46,1.42),('庆阳','本科',4,100.0),('廊坊','其他',7,3.48),('廊坊','大专',97,48.26),('廊坊','本科',96,47.76),('廊坊','高中/中专',1,0.5),('延安','本科',1,100.0),('延边','本科',6,100.0),('开封','其他',5,5.88),('开封','大专',21,24.71),('开封','本科',59,69.41),('张家口','大专',43,34.4),('张家口','本科',82,65.6),('徐州','其他',3,0.79),('徐州','大专',75,19.74),('徐州','本科',291,76.58),('徐州','硕士',1,0.26),('徐州','高中/中专',10,2.63),('德宏','本科',2,100.0),('德州','其他',11,5.5),('德州','大专',97,48.5),('德州','本科',91,45.5),('德州','硕士',1,0.5),('德阳','其他',4,2.44),('德阳','大专',70,42.68),('德阳','本科',85,51.83),('德阳','硕士',5,3.05),('忻州','大专',9,52.94),('忻州','本科',8,47.06),('怀化','大专',3,17.65),('怀化','本科',14,82.35),('恩施','本科',2,100.0),('惠州','其他',14,3.66),('惠州','大专',215,56.28),('惠州','本科',143,37.43),('惠州','硕士',9,2.36),('惠州','高中/中专',1,0.26),('成都','其他',429,7.52),('成都','大专',1744,30.59),('成都','本科',3293,57.76),('成都','硕士',148,2.6),('成都','高中/中专',87,1.53),('扬州','其他',63,14.86),('扬州','大专',116,27.36),('扬州','本科',236,55.66),('扬州','硕士',9,2.12),('承德','其他',1,3.23),('承德','大专',10,32.26),('承德','本科',18,58.06),('承德','硕士',2,6.45),('抚州','大专',41,77.36),('抚州','本科',12,22.64),('抚顺','大专',1,6.67),('抚顺','本科',14,93.33),('拉萨','其他',6,5.41),('拉萨','大专',16,14.41),('拉萨','本科',89,80.18),('攀枝花','本科',35,100.0),('文山','本科',10,100.0),('文昌','其他',1,100.0),('新乡','其他',1,0.43),('新乡','大专',114,49.14),('新乡','本科',115,49.57),('新乡','硕士',1,0.43),('新乡','高中/中专',1,0.43),('新余','大专',4,40.0),('新余','本科',6,60.0),('新星市','本科',1,100.0),('无锡','其他',45,7.64),('无锡','大专',158,26.83),('无锡','本科',353,59.93),('无锡','硕士',28,4.75),('无锡','高中/中专',5,0.85),('日喀则','其他',9,27.27),('日喀则','大专',17,51.52),('日喀则','本科',7,21.21),('日照','其他',8,11.11),('日照','大专',10,13.89),('日照','本科',54,75.0),('昆明','其他',23,4.66),('昆明','大专',159,32.19),('昆明','本科',292,59.11),('昆明','硕士',7,1.42),('昆明','高中/中专',13,2.63),('昌吉','其他',1,1.75),('昌吉','大专',28,49.12),('昌吉','本科',28,49.12),('昌都','大专',4,80.0),('昌都','本科',1,20.0),('昭通','其他',4,36.36),('昭通','大专',4,36.36),('昭通','本科',1,9.09),('昭通','高中/中专',2,18.18),('晋中','大专',13,31.71),('晋中','本科',28,68.29),('晋城','大专',6,40.0),('晋城','本科',9,60.0),('景德镇','大专',1,4.35),('景德镇','本科',22,95.65),('曲靖','本科',2,100.0),('朔州','其他',1,25.0),('朔州','大专',2,50.0),('朔州','本科',1,25.0),('朝阳','大专',3,12.0),('朝阳','本科',22,88.0),('本溪','其他',1,2.56),('本溪','大专',19,48.72),('本溪','本科',19,48.72),('杭州','其他',61,3.95),('杭州','大专',426,27.55),('杭州','本科',997,64.49),('杭州','硕士',50,3.23),('杭州','高中/中专',12,0.78),('松原','本科',31,100.0),('林芝','其他',1,33.33),('林芝','本科',2,66.67),('枣庄','其他',1,4.76),('枣庄','大专',1,4.76),('枣庄','本科',19,90.48),('柳州','大专',3,8.33),('柳州','本科',33,91.67),('株洲','大专',27,40.91),('株洲','本科',39,59.09),('桂林','大专',16,41.03),('桂林','本科',23,58.97),('梅州','大专',7,70.0),('梅州','本科',3,30.0),('梧州','本科',1,100.0),('楚雄','大专',1,50.0),('楚雄','本科',1,50.0),('榆林','其他',3,4.0),('榆林','大专',23,30.67),('榆林','本科',37,49.33),('榆林','高中/中专',12,16.0),('武汉','其他',258,13.2),('武汉','大专',410,20.98),('武汉','本科',1228,62.85),('武汉','硕士',47,2.41),('武汉','高中/中专',11,0.56),('毕节','其他',9,64.29),('毕节','大专',1,7.14),('毕节','本科',3,21.43),('毕节','硕士',1,7.14),('永州','其他',2,10.53),('永州','大专',1,5.26),('永州','本科',2,10.53),('永州','高中/中专',14,73.68),('汉中','大专',10,76.92),('汉中','本科',3,23.08),('汕头','大专',9,45.0),('汕头','本科',11,55.0),('汕尾','大专',6,12.77),('汕尾','本科',41,87.23),('江苏','大专',10,100.0),('江门','大专',32,40.0),('江门','本科',48,60.0),('沈阳','其他',154,7.43),('沈阳','大专',618,29.83),('沈阳','本科',1251,60.38),('沈阳','硕士',13,0.63),('沈阳','高中/中专',36,1.74),('沧州','其他',9,3.03),('沧州','大专',110,37.04),('沧州','本科',177,59.6),('沧州','高中/中专',1,0.34),('河南','大专',1,7.14),('河南','本科',12,85.71),('河南','硕士',1,7.14),('河池','本科',4,100.0),('河源','本科',2,100.0),('泉州','其他',37,10.16),('泉州','大专',149,40.93),('泉州','本科',157,43.13),('泉州','硕士',5,1.37),('泉州','高中/中专',16,4.4),('泰安','其他',35,10.03),('泰安','大专',163,46.7),('泰安','本科',135,38.68),('泰安','硕士',15,4.3),('泰安','高中/中专',1,0.29),('泰州','其他',22,8.63),('泰州','大专',69,27.06),('泰州','本科',161,63.14),('泰州','高中/中专',3,1.18),('泸州','其他',16,12.6),('泸州','大专',13,10.24),('泸州','本科',98,77.17),('洋浦市/洋浦经济开发区','大专',3,33.33),('洋浦市/洋浦经济开发区','本科',6,66.67),('洛阳','其他',83,18.91),('洛阳','大专',202,46.01),('洛阳','本科',107,24.37),('洛阳','高中/中专',47,10.71),('济南','其他',138,6.0),('济南','大专',665,28.9),('济南','本科',1427,62.02),('济南','硕士',53,2.3),('济南','高中/中专',18,0.78),('济宁','其他',6,2.49),('济宁','大专',118,48.96),('济宁','本科',94,39.0),('济宁','高中/中专',23,9.54),('海东','本科',4,100.0),('海南','本科',14,100.0),('海口','其他',20,4.85),('海口','大专',107,25.97),('海口','本科',262,63.59),('海口','硕士',9,2.18),('海口','高中/中专',14,3.4),('海西','本科',2,10.0),('海西','硕士',18,90.0),('淄博','其他',4,2.72),('淄博','大专',84,57.14),('淄博','本科',59,40.14),('淮北','其他',10,33.33),('淮北','大专',9,30.0),('淮北','本科',11,36.67),('淮南','本科',6,100.0),('淮安','其他',6,4.08),('淮安','大专',35,23.81),('淮安','本科',105,71.43),('淮安','硕士',1,0.68),('深圳','其他',107,2.87),('深圳','大专',1212,32.48),('深圳','本科',2322,62.24),('深圳','硕士',78,2.09),('深圳','高中/中专',12,0.32),('清远','本科',44,100.0),('温州','其他',9,2.51),('温州','大专',181,50.56),('温州','本科',156,43.58),('温州','硕士',8,2.23),('温州','高中/中专',4,1.12),('渭南','大专',1,10.0),('渭南','本科',9,90.0),('湖州','大专',24,29.63),('湖州','本科',51,62.96),('湖州','高中/中专',6,7.41),('湘潭','大专',2,1.82),('湘潭','本科',106,96.36),('湘潭','硕士',2,1.82),('湘西','大专',1,25.0),('湘西','本科',3,75.0),('湛江','其他',3,4.84),('湛江','大专',23,37.1),('湛江','本科',36,58.06),('滁州','大专',44,73.33),('滁州','本科',16,26.67),('滨州','其他',6,5.45),('滨州','大专',34,30.91),('滨州','本科',49,44.55),('滨州','硕士',21,19.09),('漯河','大专',19,23.46),('漯河','本科',62,76.54),('漳州','大专',6,11.76),('漳州','本科',45,88.24),('潍坊','其他',19,5.65),('潍坊','大专',96,28.57),('潍坊','本科',216,64.29),('潍坊','硕士',4,1.19),('潍坊','高中/中专',1,0.3),('潮州','本科',22,100.0),('澄迈','大专',6,31.58),('澄迈','本科',13,68.42),('濮阳','大专',62,60.19),('濮阳','本科',41,39.81),('烟台','其他',18,3.46),('烟台','大专',145,27.88),('烟台','本科',325,62.5),('烟台','硕士',15,2.88),('烟台','高中/中专',17,3.27),('焦作','其他',2,3.51),('焦作','大专',29,50.88),('焦作','本科',26,45.61),('牡丹江','大专',7,6.8),('牡丹江','本科',96,93.2),('玉林','本科',14,100.0),('玉溪','本科',4,100.0),('珠海','其他',21,2.66),('珠海','大专',370,46.95),('珠海','本科',395,50.13),('珠海','硕士',2,0.25),('琼海','本科',4,100.0),('甘孜','大专',1,8.33),('甘孜','本科',11,91.67),('白城','本科',2,100.0),('白山','本科',1,100.0),('白银','本科',8,80.0),('白银','硕士',2,20.0),('百色','大专',4,100.0),('益阳','大专',16,76.19),('益阳','本科',5,23.81),('盐城','其他',14,10.94),('盐城','大专',50,39.06),('盐城','本科',60,46.88),('盐城','高中/中专',4,3.12),('盘锦','大专',11,19.3),('盘锦','本科',46,80.7),('眉山','大专',8,10.13),('眉山','本科',58,73.42),('眉山','硕士',13,16.46),('石家庄','其他',91,5.02),('石家庄','大专',678,37.38),('石家庄','本科',1023,56.39),('石家庄','硕士',8,0.44),('石家庄','高中/中专',14,0.77),('石河子市','本科',10,100.0),('福州','其他',23,2.76),('福州','大专',195,23.44),('福州','本科',598,71.88),('福州','硕士',13,1.56),('福州','高中/中专',3,0.36),('秦皇岛','大专',128,55.65),('秦皇岛','本科',93,40.43),('秦皇岛','硕士',9,3.91),('红河','本科',5,100.0),('绍兴','其他',8,3.94),('绍兴','大专',57,28.08),('绍兴','本科',132,65.02),('绍兴','硕士',6,2.96),('绥化','大专',13,100.0),('绵阳','其他',14,4.23),('绵阳','大专',87,26.28),('绵阳','本科',214,64.65),('绵阳','高中/中专',16,4.83),('聊城','其他',10,6.62),('聊城','大专',23,15.23),('聊城','本科',112,74.17),('聊城','硕士',6,3.97),('肇庆','大专',10,19.61),('肇庆','本科',41,80.39),('自贡','大专',1,8.33),('自贡','本科',3,25.0),('自贡','硕士',8,66.67),('舟山','本科',13,100.0),('芜湖','其他',7,3.11),('芜湖','大专',72,32.0),('芜湖','本科',140,62.22),('芜湖','硕士',1,0.44),('芜湖','高中/中专',5,2.22),('苏州','其他',67,4.71),('苏州','大专',335,23.53),('苏州','本科',934,65.59),('苏州','硕士',86,6.04),('苏州','高中/中专',2,0.14),('茂名','本科',9,100.0),('荆州','大专',1,2.86),('荆州','本科',34,97.14),('荆门','本科',17,100.0),('莆田','大专',2,14.29),('莆田','本科',12,85.71),('菏泽','其他',5,4.24),('菏泽','大专',51,43.22),('菏泽','本科',62,52.54),('萍乡','大专',11,50.0),('萍乡','本科',11,50.0),('营口','大专',26,24.07),('营口','本科',82,75.93),('葫芦岛','大专',11,18.33),('葫芦岛','本科',49,81.67),('虹口区','本科',7,100.0),('蚌埠','其他',8,10.13),('蚌埠','大专',39,49.37),('蚌埠','本科',23,29.11),('蚌埠','高中/中专',9,11.39),('衡水','其他',2,1.5),('衡水','大专',39,29.32),('衡水','本科',92,69.17),('衡阳','其他',11,50.0),('衡阳','大专',2,9.09),('衡阳','本科',9,40.91),('衢州','其他',13,12.87),('衢州','大专',24,23.76),('衢州','本科',60,59.41),('衢州','高中/中专',4,3.96),('襄阳','大专',50,28.25),('襄阳','本科',124,70.06),('襄阳','硕士',3,1.69),('西双版纳','本科',1,100.0),('西咸新区','其他',21,14.58),('西咸新区','大专',31,21.53),('西咸新区','本科',92,63.89),('西宁','其他',9,5.73),('西宁','大专',38,24.2),('西宁','本科',98,62.42),('西宁','硕士',12,7.64),('西安','其他',98,3.32),('西安','大专',945,31.97),('西安','本科',1770,59.88),('西安','硕士',132,4.47),('西安','高中/中专',11,0.37),('许昌','其他',17,4.7),('许昌','大专',210,58.01),('许昌','本科',125,34.53),('许昌','硕士',5,1.38),('许昌','高中/中专',5,1.38),('贵州','本科',2,100.0),('贵阳','其他',47,9.33),('贵阳','大专',151,29.96),('贵阳','本科',280,55.56),('贵阳','硕士',6,1.19),('贵阳','高中/中专',20,3.97),('资阳','大专',2,40.0),('资阳','硕士',2,40.0),('资阳','高中/中专',1,20.0),('赣州','其他',1,1.96),('赣州','大专',21,41.18),('赣州','本科',29,56.86),('赤峰','其他',14,9.79),('赤峰','大专',43,30.07),('赤峰','本科',86,60.14),('辽源','本科',1,100.0),('辽阳','大专',10,38.46),('辽阳','本科',16,61.54),('运城','大专',5,16.13),('运城','本科',19,61.29),('运城','硕士',7,22.58),('连云港','其他',4,1.75),('连云港','大专',95,41.48),('连云港','本科',125,54.59),('连云港','硕士',5,2.18),('通化','其他',1,0.97),('通化','大专',99,96.12),('通化','本科',3,2.91),('通辽','大专',8,20.51),('通辽','本科',27,69.23),('通辽','高中/中专',4,10.26),('遂宁','大专',20,50.0),('遂宁','本科',20,50.0),('遵义','其他',4,13.33),('遵义','大专',7,23.33),('遵义','本科',19,63.33),('邢台','其他',3,1.73),('邢台','大专',46,26.59),('邢台','本科',124,71.68),('邯郸','其他',27,11.11),('邯郸','大专',112,46.09),('邯郸','本科',99,40.74),('邯郸','高中/中专',5,2.06),('邵阳','本科',21,100.0),('郑州','其他',282,5.92),('郑州','大专',1802,37.86),('郑州','本科',2504,52.61),('郑州','硕士',92,1.93),('郑州','高中/中专',80,1.68),('郴州','大专',2,100.0),('鄂尔多斯','其他',11,11.46),('鄂尔多斯','大专',18,18.75),('鄂尔多斯','本科',67,69.79),('鄂州','本科',2,100.0),('酒泉','大专',3,30.0),('酒泉','本科',7,70.0),('重庆','其他',75,6.14),('重庆','大专',295,24.14),('重庆','本科',761,62.27),('重庆','硕士',59,4.83),('重庆','高中/中专',32,2.62),('金华','大专',79,33.19),('金华','本科',151,63.45),('金华','硕士',2,0.84),('金华','高中/中专',6,2.52),('金昌','大专',1,100.0),('钦州','本科',10,100.0),('铁岭','大专',2,50.0),('铁岭','本科',2,50.0),('铜仁','其他',5,55.56),('铜仁','大专',1,11.11),('铜仁','本科',3,33.33),('铜川','本科',14,46.67),('铜川','硕士',16,53.33),('铜陵','其他',17,42.5),('铜陵','大专',8,20.0),('铜陵','本科',15,37.5),('银川','其他',10,4.33),('银川','大专',86,37.23),('银川','本科',134,58.01),('银川','硕士',1,0.43),('锡林郭勒盟','本科',5,100.0),('锦州','大专',4,13.33),('锦州','本科',26,86.67),('镇江','其他',2,1.64),('镇江','大专',34,27.87),('镇江','本科',76,62.3),('镇江','硕士',10,8.2),('长春','其他',140,12.28),('长春','大专',374,32.81),('长春','本科',582,51.05),('长春','硕士',6,0.53),('长春','高中/中专',38,3.33),('长沙','其他',59,3.73),('长沙','大专',404,25.52),('长沙','本科',1082,68.35),('长沙','硕士',25,1.58),('长沙','高中/中专',13,0.82),('长治','其他',8,8.7),('长治','大专',11,11.96),('长治','本科',71,77.17),('长治','硕士',2,2.17),('阜新','本科',11,100.0),('阜阳','其他',2,1.56),('阜阳','大专',43,33.59),('阜阳','本科',83,64.84),('防城港','本科',10,100.0),('阳江','大专',13,100.0),('阳泉','大专',12,42.86),('阳泉','本科',16,57.14),('阿克苏','大专',11,44.0),('阿克苏','本科',14,56.0),('阿坝','其他',24,45.28),('阿坝','大专',13,24.53),('阿坝','本科',16,30.19),('陇南','本科',13,100.0),('陵水','大专',4,80.0),('陵水','本科',1,20.0),('随州','其他',1,25.0),('随州','本科',3,75.0),('雅安','其他',3,30.0),('雅安','大专',5,50.0),('雅安','本科',2,20.0),('青岛','其他',41,2.25),('青岛','大专',447,24.55),('青岛','本科',1254,68.86),('青岛','硕士',62,3.4),('青岛','高中/中专',17,0.93),('鞍山','其他',2,2.67),('鞍山','大专',39,52.0),('鞍山','本科',34,45.33),('韶关','其他',1,5.0),('韶关','大专',19,95.0),('香港','本科',7,26.92),('香港','硕士',19,73.08),('马鞍山','大专',43,66.15),('马鞍山','本科',22,33.85),('驻马店','其他',2,3.64),('驻马店','大专',15,27.27),('驻马店','本科',34,61.82),('驻马店','硕士',2,3.64),('驻马店','高中/中专',2,3.64),('鹤壁','大专',14,93.33),('鹤壁','本科',1,6.67),('鹤岗','本科',7,100.0),('鹰潭','大专',3,100.0),('黄冈','其他',7,53.85),('黄冈','大专',6,46.15),('黄石','大专',13,65.0),('黄石','本科',7,35.0),('黑河','本科',1,100.0),('黔东南','本科',7,100.0),('黔南','大专',1,9.09),('黔南','本科',10,90.91),('黔西南','本科',46,97.87),('黔西南','硕士',1,2.13),('齐齐哈尔','其他',1,3.7),('齐齐哈尔','大专',12,44.44),('齐齐哈尔','本科',14,51.85),('龙岩','大专',2,10.0),('龙岩','本科',18,90.0);

-- ============================================================
-- R: 城市经验结构
-- ============================================================

DROP TABLE IF EXISTS `ads_city_experience`;

CREATE TABLE `ads_city_experience` (
  `city` varchar(50) DEFAULT NULL COMMENT '城市',
  `experience` varchar(50) DEFAULT NULL COMMENT '经验要求',
  `job_count` int(11) DEFAULT NULL COMMENT '岗位数量',
  `pct` double DEFAULT NULL COMMENT '该经验占该城市百分比(%)'
) ENGINE=InnoDB DEFAULT CHARSET=utf8mb4;

INSERT INTO `ads_city_experience` VALUES
('七台河','1-3年',1,33.33),('七台河','3-5年',2,66.67),('三亚','1-3年',54,29.67),('三亚','3-5年',49,26.92),('三亚','5-10年',21,11.54),('三亚','无经验',8,4.4),('三亚','经验不限',50,27.47),('三明','1-3年',11,91.67),('三明','5-10年',1,8.33),('三沙','1-3年',1,100.0),('三门峡','1-3年',9,100.0),('上海','1-3年',1448,36.81),('上海','10年以上',37,0.94),('上海','3-5年',923,23.46),('上海','5-10年',291,7.4),('上海','无经验',365,9.28),('上海','经验不限',870,22.11),('上饶','1-3年',62,44.6),('上饶','10年以上',4,2.88),('上饶','3-5年',27,19.42),('上饶','5-10年',12,8.63),('上饶','无经验',24,17.27),('上饶','经验不限',10,7.19),('东莞','1-3年',37,5.06),('东莞','10年以上',1,0.14),('东莞','3-5年',11,1.5),('东莞','5-10年',1,0.14),('东莞','无经验',4,0.55),('东莞','经验不限',677,92.61),('东营','1-3年',61,37.65),('东营','3-5年',50,30.86),('东营','5-10年',9,5.56),('东营','无经验',8,4.94),('东营','经验不限',34,20.99),('中卫','3-5年',5,100.0),('中山','1-3年',36,34.62),('中山','3-5年',9,8.65),('中山','5-10年',1,0.96),('中山','无经验',12,11.54),('中山','经验不限',46,44.23),('临夏','3-5年',1,100.0),('临汾','1-3年',21,42.0),('临汾','3-5年',12,24.0),('临汾','5-10年',10,20.0),('临汾','经验不限',7,14.0),('临沂','1-3年',45,20.36),('临沂','10年以上',9,4.07),('临沂','3-5年',74,33.48),('临沂','5-10年',24,10.86),('临沂','无经验',7,3.17),('临沂','经验不限',62,28.05),('丹东','1-3年',21,51.22),('丹东','10年以上',6,14.63),('丹东','3-5年',4,9.76),('丹东','5-10年',1,2.44),('丹东','无经验',2,4.88),('丹东','经验不限',7,17.07),('丽水','1-3年',11,24.44),('丽水','10年以上',1,2.22),('丽水','3-5年',26,57.78),('丽水','5-10年',1,2.22),('丽水','无经验',3,6.67),('丽水','经验不限',3,6.67),('乌兰察布','1-3年',19,48.72),('乌兰察布','3-5年',10,25.64),('乌兰察布','5-10年',10,25.64),('乌海','1-3年',3,75.0),('乌海','10年以上',1,25.0),('乌鲁木齐','1-3年',273,36.5),('乌鲁木齐','10年以上',3,0.4),('乌鲁木齐','3-5年',193,25.8),('乌鲁木齐','5-10年',69,9.22),('乌鲁木齐','无经验',49,6.55),('乌鲁木齐','经验不限',161,21.52),('乐东','1-3年',7,70.0),('乐东','经验不限',3,30.0),('乐山','1-3年',20,46.51),('乐山','3-5年',4,9.3),('乐山','5-10年',9,20.93),('乐山','经验不限',10,23.26),('九江','1-3年',62,49.21),('九江','3-5年',40,31.75),('九江','5-10年',5,3.97),('九江','无经验',19,15.08),('云南','1-3年',9,52.94),('云南','无经验',1,5.88),('云南','经验不限',7,41.18),('云浮','1-3年',13,50.0),('云浮','3-5年',12,46.15),('云浮','经验不限',1,3.85),('五家渠市','3-5年',3,100.0),('亳州','1-3年',35,60.34),('亳州','3-5年',2,3.45),('亳州','无经验',2,3.45),('亳州','经验不限',19,32.76),('仙桃市','5-10年',1,100.0),('伊犁','1-3年',6,19.35),('伊犁','3-5年',12,38.71),('伊犁','5-10年',11,35.48),('伊犁','经验不限',2,6.45),('佛山','1-3年',203,25.96),('佛山','10年以上',6,0.77),('佛山','3-5年',289,36.96),('佛山','5-10年',67,8.57),('佛山','无经验',36,4.6),('佛山','经验不限',181,23.15),('佳木斯','经验不限',3,100.0),('保定','1-3年',176,36.51),('保定','10年以上',5,1.04),('保定','3-5年',117,24.27),('保定','5-10年',57,11.83),('保定','无经验',10,2.07),('保定','经验不限',117,24.27),('保山','3-5年',1,100.0),('信阳','1-3年',36,59.02),('信阳','3-5年',5,8.2),('信阳','5-10年',1,1.64),('信阳','经验不限',19,31.15),('儋州','1-3年',4,28.57),('儋州','5-10年',10,71.43),('克拉玛依','1-3年',2,16.67),('克拉玛依','3-5年',10,83.33),('六安','1-3年',8,22.22),('六安','3-5年',8,22.22),('六安','5-10年',7,19.44),('六安','经验不限',13,36.11),('六盘水','3-5年',12,70.59),('六盘水','5-10年',4,23.53),('六盘水','无经验',1,5.88),('兰州','1-3年',111,43.02),('兰州','3-5年',82,31.78),('兰州','5-10年',26,10.08),('兰州','无经验',8,3.1),('兰州','经验不限',31,12.02),('兴安盟','3-5年',15,83.33),('兴安盟','5-10年',3,16.67),('内江','1-3年',1,12.5),('内江','3-5年',7,87.5),('凉山','3-5年',5,100.0),('包头','1-3年',78,31.97),('包头','10年以上',2,0.82),('包头','3-5年',98,40.16),('包头','5-10年',21,8.61),('包头','无经验',1,0.41),('包头','经验不限',44,18.03),('北京','1-3年',5336,32.05),('北京','10年以上',169,1.02),('北京','3-5年',4557,27.37),('北京','5-10年',1894,11.38),('北京','无经验',1574,9.45),('北京','经验不限',3120,18.74),('十堰','1-3年',16,44.44),('十堰','3-5年',19,52.78),('十堰','经验不限',1,2.78),('南京','1-3年',711,33.54),('南京','10年以上',19,0.9),('南京','3-5年',636,30.0),('南京','5-10年',239,11.27),('南京','无经验',91,4.29),('南京','经验不限',424,20.0),('南充','1-3年',8,80.0),('南充','5-10年',2,20.0),('南宁','1-3年',88,33.98),('南宁','10年以上',4,1.54),('南宁','3-5年',29,11.2),('南宁','5-10年',30,11.58),('南宁','无经验',2,0.77),('南宁','经验不限',106,40.93),('南平','1-3年',3,50.0),('南平','5-10年',2,33.33),('南平','经验不限',1,16.67),('南昌','1-3年',237,42.4),('南昌','10年以上',3,0.54),('南昌','3-5年',154,27.55),('南昌','5-10年',24,4.29),('南昌','无经验',30,5.37),('南昌','经验不限',111,19.86),('南通','1-3年',317,65.09),('南通','3-5年',72,14.78),('南通','5-10年',32,6.57),('南通','无经验',4,0.82),('南通','经验不限',62,12.73),('南阳','1-3年',33,15.28),('南阳','3-5年',65,30.09),('南阳','5-10年',14,6.48),('南阳','无经验',15,6.94),('南阳','经验不限',89,41.2),('厦门','1-3年',146,29.61),('厦门','10年以上',16,3.25),('厦门','3-5年',108,21.91),('厦门','5-10年',46,9.33),('厦门','无经验',54,10.95),('厦门','经验不限',123,24.95),('台州','1-3年',28,36.36),('台州','3-5年',20,25.97),('台州','5-10年',19,24.68),('台州','无经验',1,1.3),('台州','经验不限',9,11.69),('合肥','1-3年',607,41.98),('合肥','10年以上',13,0.9),('合肥','3-5年',293,20.26),('合肥','5-10年',101,6.98),('合肥','无经验',71,4.91),('合肥','经验不限',361,24.97),('吉安','1-3年',9,13.85),('吉安','3-5年',37,56.92),('吉安','5-10年',10,15.38),('吉安','经验不限',9,13.85),('吉林市','1-3年',100,37.17),('吉林市','10年以上',22,8.18),('吉林市','3-5年',77,28.62),('吉林市','5-10年',13,4.83),('吉林市','无经验',2,0.74),('吉林市','经验不限',55,20.45),('吐鲁番','1-3年',1,100.0),('吕梁','1-3年',47,58.75),('吕梁','10年以上',19,23.75),('吕梁','3-5年',13,16.25),('吕梁','经验不限',1,1.25),('吴忠','3-5年',1,100.0),('周口','1-3年',60,49.59),('周口','3-5年',40,33.06),('周口','5-10年',7,5.79),('周口','无经验',4,3.31),('周口','经验不限',10,8.26),('呼伦贝尔','经验不限',2,100.0),('呼和浩特','1-3年',227,43.16),('呼和浩特','10年以上',12,2.28),('呼和浩特','3-5年',170,32.32),('呼和浩特','5-10年',34,6.46),('呼和浩特','无经验',11,2.09),('呼和浩特','经验不限',72,13.69),('和田','1-3年',19,100.0),('咸宁','1-3年',22,53.66),('咸宁','3-5年',10,24.39),('咸宁','经验不限',9,21.95),('咸阳','1-3年',30,36.59),('咸阳','3-5年',19,23.17),('咸阳','5-10年',12,14.63),('咸阳','无经验',5,6.1),('咸阳','经验不限',16,19.51),('哈密','1-3年',4,17.39),('哈密','10年以上',1,4.35),('哈密','3-5年',3,13.04),('哈密','5-10年',14,60.87),('哈密','无经验',1,4.35),('哈尔滨','1-3年',373,39.85),('哈尔滨','10年以上',6,0.64),('哈尔滨','3-5年',271,28.95),('哈尔滨','5-10年',90,9.62),('哈尔滨','无经验',18,1.92),('哈尔滨','经验不限',178,19.02),('唐山','1-3年',103,30.47),('唐山','10年以上',6,1.78),('唐山','3-5年',150,44.38),('唐山','5-10年',32,9.47),('唐山','无经验',1,0.3),('唐山','经验不限',46,13.61),('商丘','1-3年',13,15.12),('商丘','10年以上',2,2.33),('商丘','3-5年',25,29.07),('商丘','无经验',1,1.16),('商丘','经验不限',45,52.33),('喀什','1-3年',21,100.0),('嘉兴','1-3年',66,35.11),('嘉兴','3-5年',65,34.57),('嘉兴','5-10年',15,7.98),('嘉兴','无经验',5,2.66),('嘉兴','经验不限',37,19.68),('四川','1-3年',16,41.03),('四川','3-5年',23,58.97),('四平','1-3年',1,100.0),('固原','3-5年',2,100.0),('图木舒克市','1-3年',1,33.33),('图木舒克市','10年以上',1,33.33),('图木舒克市','3-5年',1,33.33),('塔城','3-5年',8,100.0),('大同','1-3年',5,35.71),('大同','3-5年',4,28.57),('大同','无经验',1,7.14),('大同','经验不限',4,28.57),('大庆','1-3年',30,56.6),('大庆','3-5年',16,30.19),('大庆','无经验',4,7.55),('大庆','经验不限',3,5.66),('大连','1-3年',152,29.23),('大连','10年以上',5,0.96),('大连','3-5年',143,27.5),('大连','5-10年',42,8.08),('大连','无经验',34,6.54),('大连','经验不限',144,27.69),('天水','无经验',8,100.0),('天津','1-3年',895,33.21),('天津','10年以上',33,1.22),('天津','3-5年',651,24.16),('天津','5-10年',288,10.69),('天津','无经验',161,5.97),('天津','经验不限',667,24.75),('太原','1-3年',625,47.67),('太原','10年以上',4,0.31),('太原','3-5年',309,23.57),('太原','5-10年',56,4.27),('太原','无经验',56,4.27),('太原','经验不限',261,19.91),('威海','1-3年',29,27.62),('威海','3-5年',37,35.24),('威海','5-10年',12,11.43),('威海','经验不限',27,25.71),('娄底','1-3年',15,39.47),('娄底','3-5年',12,31.58),('娄底','经验不限',11,28.95),('孝感','1-3年',10,21.74),('孝感','3-5年',10,21.74),('孝感','5-10年',5,10.87),('孝感','无经验',20,43.48),('孝感','经验不限',1,2.17),('宁夏','3-5年',1,100.0),('宁德','1-3年',4,9.3),('宁德','3-5年',11,25.58),('宁德','5-10年',12,27.91),('宁德','经验不限',16,37.21),('宁波','1-3年',158,43.65),('宁波','3-5年',74,20.44),('宁波','5-10年',32,8.84),('宁波','无经验',39,10.77),('宁波','经验不限',59,16.3),('安庆','1-3年',21,50.0),('安庆','3-5年',4,9.52),('安庆','经验不限',17,40.48),('安康','1-3年',14,32.56),('安康','3-5年',10,23.26),('安康','5-10年',16,37.21),('安康','经验不限',3,6.98),('安阳','1-3年',127,47.39),('安阳','3-5年',61,22.76),('安阳','5-10年',9,3.36),('安阳','无经验',5,1.87),('安阳','经验不限',66,24.63),('安顺','3-5年',2,33.33),('安顺','5-10年',3,50.0),('安顺','经验不限',1,16.67),('宜宾','1-3年',52,43.33),('宜宾','10年以上',3,2.5),('宜宾','3-5年',39,32.5),('宜宾','5-10年',13,10.83),('宜宾','无经验',12,10.0),('宜宾','经验不限',1,0.83),('宜昌','1-3年',56,27.86),('宜昌','3-5年',43,21.39),('宜昌','5-10年',28,13.93),('宜昌','无经验',2,1.0),('宜昌','经验不限',72,35.82),('宜春','1-3年',9,7.69),('宜春','10年以上',5,4.27),('宜春','3-5年',84,71.79),('宜春','5-10年',13,11.11),('宜春','无经验',4,3.42),('宜春','经验不限',2,1.71),('宝鸡','1-3年',27,61.36),('宝鸡','3-5年',6,13.64),('宝鸡','5-10年',1,2.27),('宝鸡','经验不限',10,22.73),('宣城','1-3年',31,100.0),('宿州','3-5年',4,100.0),('宿迁','1-3年',9,7.09),('宿迁','10年以上',47,37.01),('宿迁','3-5年',22,17.32),('宿迁','5-10年',5,3.94),('宿迁','经验不限',44,34.65),('山东','3-5年',2,18.18),('山东','5-10年',4,36.36),('山东','经验不限',5,45.45),('岳阳','1-3年',7,15.56),('岳阳','3-5年',9,20.0),('岳阳','5-10年',9,20.0),('岳阳','经验不限',20,44.44),('崇左','3-5年',1,33.33),('崇左','经验不限',2,66.67),('巴中','3-5年',2,66.67),('巴中','经验不限',1,33.33),('巴彦淖尔','1-3年',6,22.22),('巴彦淖尔','3-5年',9,33.33),('巴彦淖尔','5-10年',12,44.44),('巴音郭楞','1-3年',8,17.02),('巴音郭楞','10年以上',1,2.13),('巴音郭楞','3-5年',14,29.79),('巴音郭楞','5-10年',6,12.77),('巴音郭楞','经验不限',18,38.3),('常州','1-3年',100,28.41),('常州','10年以上',11,3.12),('常州','3-5年',95,26.99),('常州','5-10年',53,15.06),('常州','无经验',7,1.99),('常州','经验不限',86,24.43),('常德','1-3年',1,25.0),('常德','5-10年',3,75.0),('平顶山','1-3年',58,44.27),('平顶山','3-5年',27,20.61),('平顶山','5-10年',9,6.87),('平顶山','无经验',1,0.76),('平顶山','经验不限',36,27.48),('广东','1-3年',4,28.57),('广东','3-5年',2,14.29),('广东','5-10年',3,21.43),('广东','无经验',1,7.14),('广东','经验不限',4,28.57),('广元','5-10年',2,100.0),('广安','1-3年',10,71.43),('广安','10年以上',2,14.29),('广安','5-10年',2,14.29),('广州','1-3年',1144,35.2),('广州','10年以上',14,0.43),('广州','3-5年',641,19.72),('广州','5-10年',365,11.23),('广州','无经验',385,11.85),('广州','经验不限',701,21.57),('庆阳','1-3年',1,25.0),('庆阳','5-10年',3,75.0),('廊坊','1-3年',61,30.35),('廊坊','10年以上',9,4.48),('廊坊','3-5年',82,40.8),('廊坊','5-10年',21,10.45),('廊坊','无经验',4,1.99),('廊坊','经验不限',24,11.94),('延安','1-3年',1,100.0),('延边','1-3年',5,83.33),('延边','3-5年',1,16.67),('开封','1-3年',30,35.29),('开封','3-5年',32,37.65),('开封','5-10年',5,5.88),('开封','无经验',1,1.18),('开封','经验不限',17,20.0),('张家口','1-3年',32,25.6),('张家口','10年以上',2,1.6),('张家口','3-5年',18,14.4),('张家口','5-10年',20,16.0),('张家口','无经验',17,13.6),('张家口','经验不限',36,28.8),('徐州','1-3年',203,53.42),('徐州','10年以上',6,1.58),('徐州','3-5年',90,23.68),('徐州','5-10年',20,5.26),('徐州','无经验',3,0.79),('徐州','经验不限',58,15.26),('德宏','1-3年',1,50.0),('德宏','3-5年',1,50.0),('德州','1-3年',90,45.0),('德州','3-5年',55,27.5),('德州','5-10年',3,1.5),('德州','无经验',5,2.5),('德州','经验不限',47,23.5),('德阳','1-3年',64,39.02),('德阳','3-5年',24,14.63),('德阳','5-10年',62,37.8),('德阳','无经验',3,1.83),('德阳','经验不限',11,6.71),('忻州','1-3年',9,52.94),('忻州','10年以上',7,41.18),('忻州','经验不限',1,5.88),('怀化','1-3年',2,11.76),('怀化','5-10年',1,5.88),('怀化','经验不限',14,82.35),('恩施','1-3年',2,100.0),('惠州','1-3年',255,66.75),('惠州','3-5年',41,10.73),('惠州','5-10年',21,5.5),('惠州','无经验',39,10.21),('惠州','经验不限',26,6.81),('成都','1-3年',1996,35.01),('成都','10年以上',62,1.09),('成都','3-5年',1143,20.05),('成都','5-10年',474,8.31),('成都','无经验',346,6.07),('成都','经验不限',1680,29.47),('扬州','1-3年',121,28.54),('扬州','10年以上',2,0.47),('扬州','3-5年',73,17.22),('扬州','5-10年',21,4.95),('扬州','无经验',10,2.36),('扬州','经验不限',197,46.46),('承德','1-3年',20,64.52),('承德','3-5年',5,16.13),('承德','5-10年',1,3.23),('承德','经验不限',5,16.13),('抚州','1-3年',38,71.7),('抚州','5-10年',5,9.43),('抚州','经验不限',10,18.87),('抚顺','1-3年',1,6.67),('抚顺','3-5年',13,86.67),('抚顺','无经验',1,6.67),('拉萨','1-3年',43,38.74),('拉萨','3-5年',33,29.73),('拉萨','5-10年',21,18.92),('拉萨','无经验',9,8.11),('拉萨','经验不限',5,4.5),('攀枝花','3-5年',35,100.0),('文山','3-5年',3,30.0),('文山','经验不限',7,70.0),('文昌','3-5年',1,100.0),('新乡','1-3年',122,52.59),('新乡','10年以上',2,0.86),('新乡','3-5年',72,31.03),('新乡','5-10年',4,1.72),('新乡','无经验',13,5.6),('新乡','经验不限',19,8.19),('新余','1-3年',6,60.0),('新余','经验不限',4,40.0),('新星市','5-10年',1,100.0),('无锡','1-3年',167,28.35),('无锡','10年以上',26,4.41),('无锡','3-5年',139,23.6),('无锡','5-10年',96,16.3),('无锡','无经验',19,3.23),('无锡','经验不限',142,24.11),('日喀则','1-3年',26,78.79),('日喀则','3-5年',7,21.21),('日照','1-3年',11,15.28),('日照','3-5年',43,59.72),('日照','无经验',5,6.94),('日照','经验不限',13,18.06),('昆明','1-3年',158,31.98),('昆明','10年以上',15,3.04),('昆明','3-5年',156,31.58),('昆明','5-10年',51,10.32),('昆明','无经验',8,1.62),('昆明','经验不限',106,21.46),('昌吉','1-3年',12,21.05),('昌吉','10年以上',3,5.26),('昌吉','3-5年',28,49.12),('昌吉','5-10年',7,12.28),('昌吉','无经验',5,8.77),('昌吉','经验不限',2,3.51),('昌都','3-5年',5,100.0),('昭通','1-3年',1,9.09),('昭通','经验不限',10,90.91),('晋中','1-3年',8,19.51),('晋中','3-5年',25,60.98),('晋中','经验不限',8,19.51),('晋城','1-3年',3,20.0),('晋城','10年以上',8,53.33),('晋城','3-5年',4,26.67),('景德镇','1-3年',9,39.13),('景德镇','5-10年',9,39.13),('景德镇','经验不限',5,21.74),('曲靖','3-5年',2,100.0),('朔州','1-3年',1,25.0),('朔州','3-5年',1,25.0),('朔州','经验不限',2,50.0),('朝阳','1-3年',1,4.0),('朝阳','3-5年',12,48.0),('朝阳','5-10年',10,40.0),('朝阳','经验不限',2,8.0),('本溪','1-3年',11,28.21),('本溪','5-10年',7,17.95),('本溪','无经验',8,20.51),('本溪','经验不限',13,33.33),('杭州','1-3年',476,30.79),('杭州','10年以上',24,1.55),('杭州','3-5年',288,18.63),('杭州','5-10年',233,15.07),('杭州','无经验',121,7.83),('杭州','经验不限',404,26.13),('松原','1-3年',26,83.87),('松原','3-5年',1,3.23),('松原','无经验',4,12.9),('林芝','1-3年',3,100.0),('枣庄','1-3年',3,14.29),('枣庄','3-5年',10,47.62),('枣庄','5-10年',2,9.52),('枣庄','经验不限',6,28.57),('柳州','1-3年',5,13.89),('柳州','3-5年',17,47.22),('柳州','5-10年',4,11.11),('柳州','经验不限',10,27.78),('株洲','1-3年',10,15.15),('株洲','3-5年',43,65.15),('株洲','5-10年',4,6.06),('株洲','无经验',1,1.52),('株洲','经验不限',8,12.12),('桂林','1-3年',9,23.08),('桂林','3-5年',23,58.97),('桂林','5-10年',5,12.82),('桂林','经验不限',2,5.13),('梅州','1-3年',4,40.0),('梅州','3-5年',3,30.0),('梅州','无经验',3,30.0),('梧州','1-3年',1,100.0),('楚雄','3-5年',2,100.0),('榆林','1-3年',34,45.33),('榆林','3-5年',34,45.33),('榆林','无经验',4,5.33),('榆林','经验不限',3,4.0),('武汉','1-3年',606,31.01),('武汉','10年以上',3,0.15),('武汉','3-5年',364,18.63),('武汉','5-10年',116,5.94),('武汉','无经验',240,12.28),('武汉','经验不限',625,31.99),('毕节','1-3年',7,50.0),('毕节','3-5年',1,7.14),('毕节','5-10年',1,7.14),('毕节','经验不限',5,35.71),('永州','1-3年',9,47.37),('永州','经验不限',10,52.63),('汉中','3-5年',8,61.54),('汉中','5-10年',1,7.69),('汉中','经验不限',4,30.77),('汕头','1-3年',1,5.0),('汕头','3-5年',4,20.0),('汕头','5-10年',8,40.0),('汕头','无经验',2,10.0),('汕头','经验不限',5,25.0),('汕尾','1-3年',25,53.19),('汕尾','3-5年',4,8.51),('汕尾','5-10年',13,27.66),('汕尾','无经验',2,4.26),('汕尾','经验不限',3,6.38),('江苏','1-3年',10,100.0),('江门','1-3年',42,52.5),('江门','3-5年',25,31.25),('江门','5-10年',3,3.75),('江门','无经验',8,10.0),('江门','经验不限',2,2.5),('沈阳','1-3年',793,38.27),('沈阳','10年以上',33,1.59),('沈阳','3-5年',463,22.35),('沈阳','5-10年',136,6.56),('沈阳','无经验',85,4.1),('沈阳','经验不限',562,27.12),('沧州','1-3年',67,22.56),('沧州','3-5年',89,29.97),('沧州','5-10年',24,8.08),('沧州','无经验',22,7.41),('沧州','经验不限',95,31.99),('河南','经验不限',14,100.0),('河池','3-5年',1,25.0),('河池','经验不限',3,75.0),('河源','1-3年',1,50.0),('河源','3-5年',1,50.0),('泉州','1-3年',128,35.16),('泉州','3-5年',46,12.64),('泉州','5-10年',63,17.31),('泉州','无经验',7,1.92),('泉州','经验不限',120,32.97),('泰安','1-3年',113,32.38),('泰安','3-5年',104,29.8),('泰安','5-10年',19,5.44),('泰安','无经验',15,4.3),('泰安','经验不限',98,28.08),('泰州','1-3年',145,56.86),('泰州','10年以上',10,3.92),('泰州','3-5年',68,26.67),('泰州','5-10年',8,3.14),('泰州','无经验',14,5.49),('泰州','经验不限',10,3.92),('泸州','1-3年',45,35.43),('泸州','3-5年',31,24.41),('泸州','5-10年',27,21.26),('泸州','经验不限',24,18.9),('洋浦市/洋浦经济开发区','1-3年',3,33.33),('洋浦市/洋浦经济开发区','3-5年',1,11.11),('洋浦市/洋浦经济开发区','5-10年',5,55.56),('洛阳','1-3年',194,44.19),('洛阳','10年以上',1,0.23),('洛阳','3-5年',82,18.68),('洛阳','5-10年',11,2.51),('洛阳','无经验',15,3.42),('洛阳','经验不限',136,30.98),('济南','1-3年',702,30.51),('济南','10年以上',11,0.48),('济南','3-5年',643,27.94),('济南','5-10年',281,12.21),('济南','无经验',45,1.96),('济南','经验不限',619,26.9),('济宁','1-3年',72,29.88),('济宁','10年以上',3,1.24),('济宁','3-5年',71,29.46),('济宁','5-10年',35,14.52),('济宁','经验不限',60,24.9),('海东','1-3年',1,25.0),('海东','无经验',3,75.0),('海南','1-3年',2,14.29),('海南','3-5年',5,35.71),('海南','5-10年',7,50.0),('海口','1-3年',132,32.04),('海口','10年以上',14,3.4),('海口','3-5年',64,15.53),('海口','5-10年',119,28.88),('海口','无经验',29,7.04),('海口','经验不限',54,13.11),('海西','3-5年',2,10.0),('海西','经验不限',18,90.0),('淄博','1-3年',39,26.53),('淄博','3-5年',44,29.93),('淄博','5-10年',27,18.37),('淄博','经验不限',37,25.17),('淮北','1-3年',8,26.67),('淮北','3-5年',1,3.33),('淮北','5-10年',2,6.67),('淮北','经验不限',19,63.33),('淮南','1-3年',2,33.33),('淮南','3-5年',4,66.67),('淮安','1-3年',14,9.52),('淮安','3-5年',64,43.54),('淮安','5-10年',10,6.8),('淮安','无经验',15,10.2),('淮安','经验不限',44,29.93),('深圳','1-3年',1566,41.97),('深圳','10年以上',9,0.24),('深圳','3-5年',810,21.71),('深圳','5-10年',266,7.13),('深圳','无经验',221,5.92),('深圳','经验不限',859,23.02),('清远','1-3年',18,40.91),('清远','3-5年',9,20.45),('清远','5-10年',3,6.82),('清远','经验不限',14,31.82),('温州','1-3年',81,22.63),('温州','10年以上',15,4.19),('温州','3-5年',153,42.74),('温州','5-10年',86,24.02),('温州','无经验',1,0.28),('温州','经验不限',22,6.15),('渭南','1-3年',8,80.0),('渭南','3-5年',2,20.0),('湖州','1-3年',27,33.33),('湖州','10年以上',17,20.99),('湖州','3-5年',10,12.35),('湖州','5-10年',20,24.69),('湖州','无经验',1,1.23),('湖州','经验不限',6,7.41),('湘潭','1-3年',17,15.45),('湘潭','10年以上',17,15.45),('湘潭','3-5年',16,14.55),('湘潭','5-10年',24,21.82),('湘潭','无经验',19,17.27),('湘潭','经验不限',17,15.45),('湘西','1-3年',1,25.0),('湘西','经验不限',3,75.0),('湛江','1-3年',27,43.55),('湛江','3-5年',1,1.61),('湛江','经验不限',34,54.84),('滁州','1-3年',11,18.33),('滁州','3-5年',41,68.33),('滁州','5-10年',8,13.33),('滨州','1-3年',40,36.36),('滨州','3-5年',20,18.18),('滨州','5-10年',31,28.18),('滨州','经验不限',19,17.27),('漯河','3-5年',22,27.16),('漯河','5-10年',1,1.23),('漯河','无经验',23,28.4),('漯河','经验不限',35,43.21),('漳州','1-3年',8,15.69),('漳州','3-5年',35,68.63),('漳州','5-10年',5,9.8),('漳州','无经验',1,1.96),('漳州','经验不限',2,3.92),('潍坊','1-3年',133,39.58),('潍坊','10年以上',4,1.19),('潍坊','3-5年',80,23.81),('潍坊','5-10年',21,6.25),('潍坊','无经验',3,0.89),('潍坊','经验不限',95,28.27),('潮州','1-3年',1,4.55),('潮州','经验不限',21,95.45),('澄迈','1-3年',14,73.68),('澄迈','3-5年',4,21.05),('澄迈','经验不限',1,5.26),('濮阳','1-3年',37,35.92),('濮阳','3-5年',7,6.8),('濮阳','5-10年',3,2.91),('濮阳','经验不限',56,54.37),('烟台','1-3年',162,31.15),('烟台','10年以上',11,2.12),('烟台','3-5年',99,19.04),('烟台','5-10年',39,7.5),('烟台','无经验',30,5.77),('烟台','经验不限',179,34.42),('焦作','1-3年',17,29.82),('焦作','3-5年',18,31.58),('焦作','5-10年',9,15.79),('焦作','经验不限',13,22.81),('牡丹江','1-3年',17,16.5),('牡丹江','10年以上',1,0.97),('牡丹江','3-5年',23,22.33),('牡丹江','5-10年',60,58.25),('牡丹江','经验不限',2,1.94),('玉林','1-3年',13,92.86),('玉林','3-5年',1,7.14),('玉溪','5-10年',4,100.0),('珠海','1-3年',411,52.16),('珠海','10年以上',3,0.38),('珠海','3-5年',287,36.42),('珠海','5-10年',46,5.84),('珠海','无经验',4,0.51),('珠海','经验不限',37,4.7),('琼海','1-3年',4,100.0),('甘孜','3-5年',12,100.0),('白城','5-10年',2,100.0),('白山','1-3年',1,100.0),('白银','1-3年',3,30.0),('白银','3-5年',7,70.0),('百色','经验不限',4,100.0),('益阳','1-3年',16,76.19),('益阳','3-5年',4,19.05),('益阳','5-10年',1,4.76),('盐城','1-3年',54,42.19),('盐城','3-5年',21,16.41),('盐城','5-10年',8,6.25),('盐城','无经验',15,11.72),('盐城','经验不限',30,23.44),('盘锦','1-3年',17,29.82),('盘锦','3-5年',9,15.79),('盘锦','5-10年',2,3.51),('盘锦','经验不限',29,50.88),('眉山','1-3年',21,26.58),('眉山','10年以上',1,1.27),('眉山','3-5年',40,50.63),('眉山','5-10年',8,10.13),('眉山','经验不限',9,11.39),('石家庄','1-3年',609,33.57),('石家庄','10年以上',28,1.54),('石家庄','3-5年',438,24.15),('石家庄','5-10年',112,6.17),('石家庄','无经验',83,4.58),('石家庄','经验不限',544,29.99),('石河子市','经验不限',10,100.0),('福州','1-3年',304,36.54),('福州','10年以上',23,2.76),('福州','3-5年',189,22.72),('福州','5-10年',119,14.3),('福州','无经验',34,4.09),('福州','经验不限',163,19.59),('秦皇岛','1-3年',102,44.35),('秦皇岛','3-5年',72,31.3),('秦皇岛','5-10年',24,10.43),('秦皇岛','无经验',2,0.87),('秦皇岛','经验不限',30,13.04),('红河','1-3年',1,20.0),('红河','经验不限',4,80.0),('绍兴','1-3年',61,30.05),('绍兴','10年以上',10,4.93),('绍兴','3-5年',80,39.41),('绍兴','5-10年',24,11.82),('绍兴','无经验',2,0.99),('绍兴','经验不限',26,12.81),('绥化','1-3年',4,30.77),('绥化','经验不限',9,69.23),('绵阳','1-3年',160,48.34),('绵阳','3-5年',51,15.41),('绵阳','5-10年',24,7.25),('绵阳','无经验',1,0.3),('绵阳','经验不限',95,28.7),('聊城','1-3年',47,31.13),('聊城','10年以上',8,5.3),('聊城','3-5年',21,13.91),('聊城','5-10年',18,11.92),('聊城','经验不限',57,37.75),('肇庆','1-3年',45,88.24),('肇庆','3-5年',5,9.8),('肇庆','经验不限',1,1.96),('自贡','1-3年',1,8.33),('自贡','3-5年',1,8.33),('自贡','无经验',10,83.33),('舟山','3-5年',9,69.23),('舟山','5-10年',4,30.77),('芜湖','1-3年',45,20.0),('芜湖','10年以上',6,2.67),('芜湖','3-5年',69,30.67),('芜湖','5-10年',34,15.11),('芜湖','无经验',15,6.67),('芜湖','经验不限',56,24.89),('苏州','1-3年',511,35.88),('苏州','10年以上',27,1.9),('苏州','3-5年',401,28.16),('苏州','5-10年',96,6.74),('苏州','无经验',28,1.97),('苏州','经验不限',361,25.35),('茂名','3-5年',9,100.0),('荆州','1-3年',11,31.43),('荆州','3-5年',22,62.86),('荆州','5-10年',2,5.71),('荆门','1-3年',1,5.88),('荆门','3-5年',6,35.29),('荆门','5-10年',2,11.76),('荆门','经验不限',8,47.06),('莆田','1-3年',13,92.86),('莆田','3-5年',1,7.14),('菏泽','1-3年',58,49.15),('菏泽','3-5年',20,16.95),('菏泽','5-10年',5,4.24),('菏泽','无经验',1,0.85),('菏泽','经验不限',34,28.81),('萍乡','1-3年',10,45.45),('萍乡','3-5年',5,22.73),('萍乡','经验不限',7,31.82),('营口','1-3年',32,29.63),('营口','3-5年',44,40.74),('营口','5-10年',18,16.67),('营口','经验不限',14,12.96),('葫芦岛','1-3年',23,38.33),('葫芦岛','3-5年',7,11.67),('葫芦岛','5-10年',18,30.0),('葫芦岛','无经验',12,20.0),('虹口区','3-5年',4,57.14),('虹口区','5-10年',3,42.86),('蚌埠','1-3年',10,12.66),('蚌埠','3-5年',18,22.78),('蚌埠','无经验',6,7.59),('蚌埠','经验不限',45,56.96),('衡水','1-3年',31,23.31),('衡水','3-5年',53,39.85),('衡水','5-10年',3,2.26),('衡水','无经验',2,1.5),('衡水','经验不限',44,33.08),('衡阳','1-3年',6,27.27),('衡阳','3-5年',8,36.36),('衡阳','无经验',8,36.36),('衢州','1-3年',59,58.42),('衢州','10年以上',1,0.99),('衢州','3-5年',18,17.82),('衢州','5-10年',5,4.95),('衢州','经验不限',18,17.82),('襄阳','1-3年',67,37.85),('襄阳','10年以上',3,1.69),('襄阳','3-5年',17,9.6),('襄阳','5-10年',60,33.9),('襄阳','无经验',1,0.56),('襄阳','经验不限',29,16.38),('西双版纳','1-3年',1,100.0),('西咸新区','1-3年',23,15.97),('西咸新区','3-5年',78,54.17),('西咸新区','5-10年',26,18.06),('西咸新区','无经验',1,0.69),('西咸新区','经验不限',16,11.11),('西宁','1-3年',66,42.04),('西宁','3-5年',57,36.31),('西宁','5-10年',8,5.1),('西宁','无经验',2,1.27),('西宁','经验不限',24,15.29),('西安','1-3年',1023,34.61),('西安','10年以上',48,1.62),('西安','3-5年',784,26.52),('西安','5-10年',279,9.44),('西安','无经验',69,2.33),('西安','经验不限',753,25.47),('许昌','1-3年',186,51.38),('许昌','3-5年',30,8.29),('许昌','5-10年',17,4.7),('许昌','无经验',3,0.83),('许昌','经验不限',126,34.81),('贵州','1-3年',1,50.0),('贵州','3-5年',1,50.0),('贵阳','1-3年',202,40.08),('贵阳','10年以上',3,0.6),('贵阳','3-5年',132,26.19),('贵阳','5-10年',36,7.14),('贵阳','无经验',21,4.17),('贵阳','经验不限',110,21.83),('资阳','1-3年',4,80.0),('资阳','3-5年',1,20.0),('赣州','1-3年',31,60.78),('赣州','3-5年',12,23.53),('赣州','5-10年',4,7.84),('赣州','无经验',2,3.92),('赣州','经验不限',2,3.92),('赤峰','1-3年',54,37.76),('赤峰','3-5年',17,11.89),('赤峰','5-10年',32,22.38),('赤峰','无经验',2,1.4),('赤峰','经验不限',38,26.57),('辽源','3-5年',1,100.0),('辽阳','1-3年',16,61.54),('辽阳','3-5年',10,38.46),('运城','1-3年',5,16.13),('运城','3-5年',5,16.13),('运城','5-10年',8,25.81),('运城','经验不限',13,41.94),('连云港','1-3年',49,21.4),('连云港','10年以上',4,1.75),('连云港','3-5年',90,39.3),('连云港','5-10年',20,8.73),('连云港','无经验',4,1.75),('连云港','经验不限',62,27.07),('通化','1-3年',69,66.99),('通化','3-5年',32,31.07),('通化','5-10年',1,0.97),('通化','经验不限',1,0.97),('通辽','1-3年',13,33.33),('通辽','3-5年',17,43.59),('通辽','经验不限',9,23.08),('遂宁','1-3年',20,50.0),('遂宁','3-5年',20,50.0),('遵义','1-3年',13,43.33),('遵义','3-5年',12,40.0),('遵义','5-10年',4,13.33),('遵义','无经验',1,3.33),('邢台','1-3年',62,35.84),('邢台','3-5年',30,17.34),('邢台','5-10年',1,0.58),('邢台','无经验',1,0.58),('邢台','经验不限',79,45.66),('邯郸','1-3年',94,38.68),('邯郸','3-5年',85,34.98),('邯郸','5-10年',25,10.29),('邯郸','无经验',2,0.82),('邯郸','经验不限',37,15.23),('邵阳','1-3年',5,23.81),('邵阳','经验不限',16,76.19),('郑州','1-3年',1546,32.48),('郑州','10年以上',25,0.53),('郑州','3-5年',1000,21.01),('郑州','5-10年',501,10.53),('郑州','无经验',164,3.45),('郑州','经验不限',1524,32.02),('郴州','1-3年',2,100.0),('鄂尔多斯','1-3年',42,43.75),('鄂尔多斯','10年以上',3,3.12),('鄂尔多斯','3-5年',12,12.5),('鄂尔多斯','5-10年',21,21.88),('鄂尔多斯','经验不限',18,18.75),('鄂州','1-3年',2,100.0),('酒泉','1-3年',4,40.0),('酒泉','3-5年',6,60.0),('重庆','1-3年',360,29.46),('重庆','10年以上',6,0.49),('重庆','3-5年',238,19.48),('重庆','5-10年',76,6.22),('重庆','无经验',112,9.17),('重庆','经验不限',430,35.19),('金华','1-3年',109,45.8),('金华','3-5年',27,11.34),('金华','5-10年',29,12.18),('金华','无经验',17,7.14),('金华','经验不限',56,23.53),('金昌','3-5年',1,100.0),('钦州','1-3年',8,80.0),('钦州','3-5年',2,20.0),('铁岭','1-3年',1,25.0),('铁岭','3-5年',1,25.0),('铁岭','经验不限',2,50.0),('铜仁','经验不限',9,100.0),('铜川','1-3年',3,10.0),('铜川','3-5年',9,30.0),('铜川','无经验',16,53.33),('铜川','经验不限',2,6.67),('铜陵','3-5年',7,17.5),('铜陵','无经验',9,22.5),('铜陵','经验不限',24,60.0),('银川','1-3年',81,35.06),('银川','10年以上',4,1.73),('银川','3-5年',81,35.06),('银川','5-10年',22,9.52),('银川','无经验',1,0.43),('银川','经验不限',42,18.18),('锡林郭勒盟','3-5年',4,80.0),('锡林郭勒盟','5-10年',1,20.0),('锦州','1-3年',8,26.67),('锦州','3-5年',17,56.67),('锦州','5-10年',5,16.67),('镇江','1-3年',43,35.25),('镇江','10年以上',10,8.2),('镇江','3-5年',43,35.25),('镇江','5-10年',8,6.56),('镇江','无经验',1,0.82),('镇江','经验不限',17,13.93),('长春','1-3年',424,37.19),('长春','10年以上',10,0.88),('长春','3-5年',290,25.44),('长春','5-10年',144,12.63),('长春','无经验',37,3.25),('长春','经验不限',235,20.61),('长沙','1-3年',523,33.04),('长沙','10年以上',27,1.71),('长沙','3-5年',412,26.03),('长沙','5-10年',236,14.91),('长沙','无经验',101,6.38),('长沙','经验不限',284,17.94),('长治','1-3年',35,38.04),('长治','3-5年',24,26.09),('长治','5-10年',27,29.35),('长治','经验不限',6,6.52),('阜新','1-3年',10,90.91),('阜新','经验不限',1,9.09),('阜阳','1-3年',47,36.72),('阜阳','3-5年',40,31.25),('阜阳','5-10年',41,32.03),('防城港','3-5年',10,100.0),('阳江','1-3年',1,7.69),('阳江','经验不限',12,92.31),('阳泉','1-3年',12,42.86),('阳泉','3-5年',4,14.29),('阳泉','经验不限',12,42.86),('阿克苏','1-3年',3,12.0),('阿克苏','3-5年',6,24.0),('阿克苏','5-10年',3,12.0),('阿克苏','无经验',7,28.0),('阿克苏','经验不限',6,24.0),('阿坝','1-3年',6,11.32),('阿坝','5-10年',13,24.53),('阿坝','经验不限',34,64.15),('陇南','10年以上',1,7.69),('陇南','经验不限',12,92.31),('陵水','3-5年',4,80.0),('陵水','5-10年',1,20.0),('随州','1-3年',3,75.0),('随州','3-5年',1,25.0),('雅安','1-3年',2,20.0),('雅安','3-5年',2,20.0),('雅安','5-10年',1,10.0),('雅安','经验不限',5,50.0),('青岛','1-3年',408,22.41),('青岛','10年以上',66,3.62),('青岛','3-5年',466,25.59),('青岛','5-10年',220,12.08),('青岛','无经验',57,3.13),('青岛','经验不限',604,33.17),('鞍山','1-3年',32,42.67),('鞍山','3-5年',33,44.0),('鞍山','5-10年',9,12.0),('鞍山','经验不限',1,1.33),('韶关','1-3年',1,5.0),('韶关','3-5年',16,80.0),('韶关','5-10年',2,10.0),('韶关','经验不限',1,5.0),('香港','3-5年',21,80.77),('香港','5-10年',2,7.69),('香港','经验不限',3,11.54),('马鞍山','1-3年',18,27.69),('马鞍山','3-5年',21,32.31),('马鞍山','5-10年',5,7.69),('马鞍山','无经验',17,26.15),('马鞍山','经验不限',4,6.15),('驻马店','1-3年',12,21.82),('驻马店','10年以上',1,1.82),('驻马店','3-5年',28,50.91),('驻马店','5-10年',1,1.82),('驻马店','经验不限',13,23.64),('鹤壁','1-3年',15,100.0),('鹤岗','经验不限',7,100.0),('鹰潭','1-3年',1,33.33),('鹰潭','经验不限',2,66.67),('黄冈','1-3年',2,15.38),('黄冈','3-5年',7,53.85),('黄冈','5-10年',4,30.77),('黄石','1-3年',14,70.0),('黄石','3-5年',4,20.0),('黄石','经验不限',2,10.0),('黑河','1-3年',1,100.0),('黔东南','经验不限',7,100.0),('黔南','1-3年',1,9.09),('黔南','3-5年',7,63.64),('黔南','5-10年',3,27.27),('黔西南','1-3年',33,70.21),('黔西南','10年以上',10,21.28),('黔西南','5-10年',4,8.51),('齐齐哈尔','1-3年',20,74.07),('齐齐哈尔','3-5年',7,25.93),('龙岩','1-3年',1,5.0),('龙岩','3-5年',3,15.0),('龙岩','5-10年',1,5.0),('龙岩','经验不限',15,75.0);

SET FOREIGN_KEY_CHECKS=1;