/*
MySQL Backup
Source Server Version: 5.7.29
Source Database: demo
Date: 2026/7/14 10:33:50
*/

SET FOREIGN_KEY_CHECKS=0;

-- ----------------------------
--  Table structure for `industry_edu_stat`
-- ----------------------------
DROP TABLE IF EXISTS `industry_edu_stat`;
CREATE TABLE `industry_edu_stat` (
  `industry` text,
  `education` text,
  `job_count` bigint(20) NOT NULL
) ENGINE=InnoDB DEFAULT CHARSET=utf8mb4;

-- ----------------------------
--  Table structure for `industry_job_stat`
-- ----------------------------
DROP TABLE IF EXISTS `industry_job_stat`;
CREATE TABLE `industry_job_stat` (
  `industry` text,
  `city` text,
  `job_count` bigint(20) NOT NULL,
  `avg_salary` double DEFAULT NULL
) ENGINE=InnoDB DEFAULT CHARSET=utf8mb4;

-- ----------------------------
--  Table structure for `industry_salary_stat`
-- ----------------------------
DROP TABLE IF EXISTS `industry_salary_stat`;
CREATE TABLE `industry_salary_stat` (
  `industry` text,
  `avg_salary` double DEFAULT NULL,
  `job_count` bigint(20) NOT NULL
) ENGINE=InnoDB DEFAULT CHARSET=utf8mb4;

-- ----------------------------
--  Records 
-- ----------------------------
INSERT INTO `industry_edu_stat` VALUES ('物流/采购/供应链','学历不限','698'), ('医疗/医美/医务','大专','534'), ('物流/采购/供应链','中专/中技','116'), ('房地产/工程/建筑','中专/中技','92'), ('人事/行政/财务/法务','高中','280'), ('物流/采购/供应链','高中','89'), ('房地产/工程/建筑','学历不限','501'), ('物流/采购/供应链','本科','7624'), ('医疗/医美/医务','本科','421'), ('物流/采购/供应链','硕士','93'), ('人事/行政/财务/法务','大专','8481'), ('人事/行政/财务/法务','中专/中技','297'), ('房地产/工程/建筑','高中','53'), ('房地产/工程/建筑','大专','6001'), ('房地产/工程/建筑','硕士','27'), ('物流/采购/供应链','大专','10697'), ('房地产/工程/建筑','本科','3579'), ('人事/行政/财务/法务','硕士','4066'), ('人事/行政/财务/法务','学历不限','3236'), ('人事/行政/财务/法务','本科','45336'), ('物流/采购/供应链','EMBA','1'), ('人事/行政/财务/法务','博士','11'), ('人事/行政/财务/法务','MBA/EMBA','1'), ('房地产/工程/建筑','初中及以下','3'), ('医疗/医美/医务','学历不限','18'), ('医疗/医美/医务','高中','1'), ('人事/行政/财务/法务','初中及以下','5'), ('人事/行政/财务/法务','EMBA','13'), ('医疗/医美/医务','硕士','2'), ('医疗/医美/医务','中专/中技','6');
INSERT INTO `industry_job_stat` VALUES ('人事/行政/财务/法务','石家庄','914','8733.54'), ('人事/行政/财务/法务','东莞','700','12131.43'), ('物流/采购/供应链','许昌','226','5022.12'), ('人事/行政/财务/法务','长春','645','9316.72'), ('人事/行政/财务/法务','乌鲁木齐','466','8594.82'), ('人事/行政/财务/法务','杭州','984','11199.2'), ('人事/行政/财务/法务','哈尔滨','522','8627.39'), ('物流/采购/供应链','成都','1183','6934.51'), ('人事/行政/财务/法务','天津','1677','10554.26'), ('房地产/工程/建筑','武汉','255','8123.53'), ('物流/采购/供应链','杭州','322','7903.42'), ('物流/采购/供应链','哈尔滨','269','5076.21'), ('人事/行政/财务/法务','厦门','409','10649.06'), ('房地产/工程/建筑','南京','369','9008.42'), ('人事/行政/财务/法务','扬州','286','9382.79'), ('房地产/工程/建筑','成都','562','7804.71'), ('物流/采购/供应链','太原','461','5327.76'), ('物流/采购/供应链','济南','514','6740.23'), ('房地产/工程/建筑','北京','971','9183.32'), ('人事/行政/财务/法务','昆明','314','10546.73'), ('人事/行政/财务/法务','绵阳','247','7929.15'), ('人事/行政/财务/法务','济南','1401','10138.9'), ('人事/行政/财务/法务','武汉','1109','10501.22'), ('人事/行政/财务/法务','无锡','390','12941.05'), ('人事/行政/财务/法务','保定','268','11424.81'), ('人事/行政/财务/法务','南京','951','11345.8'), ('人事/行政/财务/法务','合肥','640','8973.86'), ('物流/采购/供应链','天津','504','6110.36'), ('物流/采购/供应链','沈阳','431','4769.14'), ('人事/行政/财务/法务','呼和浩特','241','21680.5'), ('房地产/工程/建筑','深圳','310','9275.46'), ('人事/行政/财务/法务','沈阳','1384','12118.57'), ('人事/行政/财务/法务','南昌','284','9154.83'), ('人事/行政/财务/法务','大连','364','10921.07'), ('人事/行政/财务/法务','北京','11414','13663.21'), ('房地产/工程/建筑','石家庄','223','5656.95'), ('物流/采购/供应链','深圳','376','8334.49'), ('人事/行政/财务/法务','海口','295','11780.03'), ('人事/行政/财务/法务','长沙','1064','9982'), ('物流/采购/供应链','北京','2975','8800.88'), ('物流/采购/供应链','广州','685','7123.1'), ('物流/采购/供应链','郑州','802','5975.41'), ('人事/行政/财务/法务','佛山','545','11900.19'), ('物流/采购/供应链','石家庄','599','5818.03'), ('房地产/工程/建筑','济南','296','7135.98'), ('物流/采购/供应链','上海','416','8271.25'), ('人事/行政/财务/法务','福州','497','11471.14'), ('人事/行政/财务/法务','唐山','229','8814.41'), ('人事/行政/财务/法务','重庆','920','9088.48'), ('物流/采购/供应链','长沙','283','6397.12'), ('人事/行政/财务/法务','青岛','1363','10861.97'), ('人事/行政/财务/法务','南通','374','10430.48'), ('房地产/工程/建筑','西安','358','6220.82'), ('人事/行政/财务/法务','成都','3755','10199.26'), ('物流/采购/供应链','青岛','220','6534.09'), ('人事/行政/财务/法务','宁波','266','11617.11'), ('人事/行政/财务/法务','烟台','293','8554.8'), ('人事/行政/财务/法务','苏州','1056','13431.9'), ('人事/行政/财务/法务','深圳','2917','11232.3'), ('物流/采购/供应链','南京','677','8107.88'), ('物流/采购/供应链','西安','718','5952.83'), ('物流/采购/供应链','武汉','540','7025.44'), ('人事/行政/财务/法务','郑州','3078','10943.42'), ('物流/采购/供应链','长春','271','5315.5'), ('物流/采购/供应链','福州','217','6294.07'), ('人事/行政/财务/法务','潍坊','256','8102.04'), ('房地产/工程/建筑','上海','291','9502.3'), ('人事/行政/财务/法务','广州','2135','10727.51'), ('人事/行政/财务/法务','太原','669','7246.12'), ('人事/行政/财务/法务','珠海','572','7846.3'), ('人事/行政/财务/法务','上海','3076','15510.8'), ('人事/行政/财务/法务','徐州','288','9196.17'), ('房地产/工程/建筑','郑州','715','6853.74'), ('物流/采购/供应链','合肥','538','6823.74'), ('人事/行政/财务/法务','西安','1794','10566.62'), ('人事/行政/财务/法务','惠州','343','4845.11'), ('人事/行政/财务/法务','贵阳','341','8696.84'), ('房地产/工程/建筑','广州','341','8118.67'), ('房地产/工程/建筑','天津','324','6637.17'), ('物流/采购/供应链','泉州','125','7060'), ('人事/行政/财务/法务','绍兴','149','12708.05'), ('房地产/工程/建筑','重庆','112','7603.88'), ('物流/采购/供应链','苏州','211','8161.96'), ('房地产/工程/建筑','长春','155','5906.45'), ('人事/行政/财务/法务','泰州','146','12696.9'), ('房地产/工程/建筑','佛山','124','8076.61'), ('房地产/工程/建筑','长沙','166','7293.67'), ('人事/行政/财务/法务','南阳','172','6350.63'), ('人事/行政/财务/法务','许昌','111','6288.29'), ('人事/行政/财务/法务','沧州','209','10691.37'), ('房地产/工程/建筑','温州','144','9642.36'), ('人事/行政/财务/法务','吉林市','153','8372.55'), ('人事/行政/财务/法务','秦皇岛','106','10669.81'), ('人事/行政/财务/法务','新乡','161','7288.82'), ('人事/行政/财务/法务','兰州','130','7053.83'), ('人事/行政/财务/法务','三亚','171','7847.94'), ('人事/行政/财务/法务','西宁','111','7500'), ('物流/采购/供应链','洛阳','206','5033.98'), ('物流/采购/供应链','重庆','135','7113.26'), ('物流/采购/供应链','无锡','143','9143.36');
INSERT INTO `industry_job_stat` VALUES ('房地产/工程/建筑','太原','151','6201.99'), ('人事/行政/财务/法务','金华','130','10353.85'), ('人事/行政/财务/法务','上饶','111','8282.12'), ('人事/行政/财务/法务','温州','159','12176.1'), ('人事/行政/财务/法务','安阳','169','7452.66'), ('物流/采购/供应链','泰安','203','5807.88'), ('人事/行政/财务/法务','宿迁','110','17086.36'), ('人事/行政/财务/法务','宜昌','107','8565.42'), ('人事/行政/财务/法务','洛阳','114','6701.75'), ('人事/行政/财务/法务','泉州','187','10555.74'), ('人事/行政/财务/法务','银川','127','8457.04'), ('人事/行政/财务/法务','南宁','201','7355.41'), ('物流/采购/供应链','南昌','157','6161.13'), ('医疗/医美/医务','天津','111','12220.72'), ('人事/行政/财务/法务','芜湖','134','10922.56'), ('房地产/工程/建筑','青岛','168','7747.02'), ('房地产/工程/建筑','哈尔滨','120','5429.79'), ('物流/采购/供应链','珠海','123','8117.89'), ('人事/行政/财务/法务','聊城','106','6000'), ('物流/采购/供应链','昆明','107','6607.47'), ('物流/采购/供应链','烟台','114','5422.14'), ('物流/采购/供应链','呼和浩特','191','5337.7'), ('物流/采购/供应链','乌鲁木齐','182','6118.13'), ('人事/行政/财务/法务','邢台','132','5878.79'), ('人事/行政/财务/法务','连云港','117','11183.76'), ('人事/行政/财务/法务','泸州','121','7570.25'), ('人事/行政/财务/法务','宜春','103','17422.33'), ('物流/采购/供应链','吉林市','100','4750'), ('房地产/工程/建筑','常州','108','7513.89'), ('房地产/工程/建筑','合肥','189','8457.66'), ('人事/行政/财务/法务','临沂','117','13632.65'), ('人事/行政/财务/法务','邯郸','131','8000'), ('人事/行政/财务/法务','淮安','101','9012.86'), ('人事/行政/财务/法务','常州','178','9814.61'), ('房地产/工程/建筑','洛阳','113','7119.47'), ('物流/采购/供应链','保定','108','5472.22'), ('人事/行政/财务/法务','牡丹江','99','10984.85'), ('房地产/工程/建筑','苏州','107','8971.92'), ('房地产/工程/建筑','沈阳','188','5468.09'), ('房地产/工程/建筑','杭州','176','10754.79'), ('房地产/工程/建筑','烟台','98','7158.16'), ('物流/采购/供应链','包头','113','5039.82'), ('人事/行政/财务/法务','济宁','101','10608.91'), ('物流/采购/供应链','大连','107','7967.29'), ('人事/行政/财务/法务','襄阳','116','10340.52'), ('医疗/医美/医务','北京','131','10407.76'), ('人事/行政/财务/法务','中山','97','6386.6'), ('人事/行政/财务/法务','泰安','96','6755.21'), ('人事/行政/财务/法务','营口','92','7907.61'), ('人事/行政/财务/法务','通化','94','7436.17'), ('物流/采购/供应链','唐山','90','5727.78'), ('人事/行政/财务/法务','湘潭','90','9711.11'), ('人事/行政/财务/法务','德州','94','8643.62'), ('物流/采购/供应链','贵阳','90','8227.78'), ('人事/行政/财务/法务','廊坊','89','9675.91'), ('人事/行政/财务/法务','包头','88','10551.14'), ('物流/采购/供应链','兰州','88','5136.36'), ('房地产/工程/建筑','贵阳','50','8750'), ('物流/采购/供应链','宁波','60','7240.89'), ('人事/行政/财务/法务','眉山','60','10316.67'), ('物流/采购/供应链','扬州','58','6258.62'), ('房地产/工程/建筑','芜湖','58','11120.69'), ('人事/行政/财务/法务','吕梁','58','23163.79'), ('人事/行政/财务/法务','蚌埠','75','7613.33'), ('房地产/工程/建筑','东营','61','5901.64'), ('房地产/工程/建筑','福州','75','7433.33'), ('物流/采购/供应链','嘉兴','61','6803.28'), ('房地产/工程/建筑','邯郸','61','3991.8'), ('人事/行政/财务/法务','开封','74','5655.41'), ('人事/行政/财务/法务','平顶山','74','6243.24'), ('物流/采购/供应链','德州','55','4809.09'), ('人事/行政/财务/法务','阜阳','65','10161.54'), ('人事/行政/财务/法务','咸阳','54','6657.39'), ('人事/行政/财务/法务','赤峰','64','8125'), ('人事/行政/财务/法务','鄂尔多斯','54','11370.37'), ('物流/采购/供应链','濮阳','63','5833.33'), ('人事/行政/财务/法务','菏泽','54','8787.04'), ('房地产/工程/建筑','保定','63','6182.54'), ('房地产/工程/建筑','宜昌','63','5230.16'), ('人事/行政/财务/法务','威海','63','12253.97'), ('人事/行政/财务/法务','镇江','51','11039.22'), ('物流/采购/供应链','银川','87','5333.33'), ('房地产/工程/建筑','南昌','87','5758.62'), ('医疗/医美/医务','上海','51','10607.84'), ('人事/行政/财务/法务','宜宾','51','12745.1'), ('房地产/工程/建筑','安阳','86','6313.95'), ('物流/采购/供应链','连云港','86','7000'), ('人事/行政/财务/法务','张家口','86','4536.02'), ('医疗/医美/医务','成都','72','6658.31'), ('人事/行政/财务/法务','东营','84','8988.1'), ('房地产/工程/建筑','临沂','71','7035.21'), ('房地产/工程/建筑','呼和浩特','83','5975.9'), ('人事/行政/财务/法务','周口','70','7157.14'), ('人事/行政/财务/法务','九江','82','10310.98'), ('房地产/工程/建筑','扬州','69','7869.57'), ('人事/行政/财务/法务','衡水','82','8817.07'), ('物流/采购/供应链','赤峰','69','3898.55'), ('人事/行政/财务/法务','黔西南','45','16100'), ('房地产/工程/建筑','金华','45','7900'), ('房地产/工程/建筑','昆明','45','6322.22');
INSERT INTO `industry_job_stat` VALUES ('房地产/工程/建筑','兰州','38','4960.53'), ('物流/采购/供应链','金华','42','7785.71'), ('物流/采购/供应链','南宁','42','5250'), ('物流/采购/供应链','德阳','49','5755.1'), ('房地产/工程/建筑','沧州','53','4216.98'), ('物流/采购/供应链','温州','53','7452.83'), ('人事/行政/财务/法务','信阳','53','5216.98'), ('物流/采购/供应链','海口','49','5948.98'), ('物流/采购/供应链','淄博','49','4530.61'), ('人事/行政/财务/法务','阿坝','53','11401.7'), ('房地产/工程/建筑','廊坊','48','7312.5'), ('人事/行政/财务/法务','日照','53','6933.96'), ('物流/采购/供应链','盐城','53','5245.28'), ('房地产/工程/建筑','新乡','36','6208.33'), ('人事/行政/财务/法务','宝鸡','36','6138.89'), ('房地产/工程/建筑','珠海','39','7564.05'), ('人事/行政/财务/法务','吉安','52','9038.46'), ('物流/采购/供应链','常州','52','7221.15'), ('房地产/工程/建筑','盐城','40','5862.5'), ('人事/行政/财务/法务','湖州','52','20990.38'), ('医疗/医美/医务','郑州','34','6367.65'), ('物流/采购/供应链','绍兴','40','6400'), ('人事/行政/财务/法务','四川','39','11910.26'), ('房地产/工程/建筑','西咸新区','34','6264.71'), ('房地产/工程/建筑','淄博','40','6062.5'), ('人事/行政/财务/法务','漳州','39','10810.24'), ('人事/行政/财务/法务','漯河','52','2983.15'), ('人事/行政/财务/法务','江门','62','8846.77'), ('物流/采购/供应链','泰州','57','6043.86'), ('人事/行政/财务/法务','清远','41','9487.8'), ('物流/采购/供应链','济宁','81','5672.84'), ('人事/行政/财务/法务','柳州','34','8852.94'), ('房地产/工程/建筑','秦皇岛','39','4641.03'), ('房地产/工程/建筑','济宁','52','6461.54'), ('房地产/工程/建筑','平顶山','33','5515.15'), ('人事/行政/财务/法务','肇庆','41','10390.24'), ('房地产/工程/建筑','鞍山','33','9909.09'), ('人事/行政/财务/法务','西咸新区','80','55900'), ('物流/采购/供应链','大庆','34','5147.06'), ('人事/行政/财务/法务','淄博','57','7824.56'), ('物流/采购/供应链','佛山','78','7519.23'), ('医疗/医美/医务','南京','33','7439.39'), ('人事/行政/财务/法务','濮阳','35','5885.71'), ('房地产/工程/建筑','滁州','34','7250'), ('人事/行政/财务/法务','榆林','32','6406.25'), ('房地产/工程/建筑','包头','37','4729.73'), ('人事/行政/财务/法务','滨州','78','7891.03'), ('物流/采购/供应链','秦皇岛','79','3936.71'), ('物流/采购/供应链','厦门','57','6732.61'), ('房地产/工程/建筑','泉州','41','7731.71'), ('物流/采购/供应链','廊坊','47','5648.94'), ('房地产/工程/建筑','泰安','37','5675.68'), ('房地产/工程/建筑','西宁','32','8484.38'), ('人事/行政/财务/法务','嘉兴','77','12198.04'), ('人事/行政/财务/法务','商丘','35','4488.54'), ('人事/行政/财务/法务','荆州','34','9470.59'), ('物流/采购/供应链','襄阳','56','6446.43'), ('人事/行政/财务/法务','宁德','33','10000'), ('物流/采购/供应链','抚州','41','7597.56'), ('物流/采购/供应链','潍坊','62','5467.74'), ('人事/行政/财务/法务','驻马店','37','7689.19'), ('人事/行政/财务/法务','铜陵','32','9125'), ('房地产/工程/建筑','乌鲁木齐','76','7671.05'), ('医疗/医美/医务','长春','35','5357.14'), ('人事/行政/财务/法务','台州','46','10456.4'), ('人事/行政/财务/法务','长治','56','10348.21'), ('物流/采购/供应链','绵阳','41','6963.41'), ('物流/采购/供应链','宜宾','32','5562.5'), ('人事/行政/财务/法务','乐山','37','11770.27'), ('房地产/工程/建筑','宜宾','35','8428.57'), ('物流/采购/供应链','菏泽','46','5489.13'), ('人事/行政/财务/法务','盐城','32','11785.92'), ('人事/行政/财务/法务','岳阳','37','9527.03'), ('物流/采购/供应链','邯郸','46','6478.28'), ('人事/行政/财务/法务','巴音郭楞','35','10128.57'), ('房地产/工程/建筑','南通','62','7629.03'), ('人事/行政/财务/法务','攀枝花','35','8228.57'), ('房地产/工程/建筑','拉萨','37','11648.65'), ('物流/采购/供应链','周口','46','6065.22'), ('物流/采购/供应链','徐州','62','6451.61'), ('人事/行政/财务/法务','葫芦岛','37','5432.43'), ('房地产/工程/建筑','阜阳','35','8185.71'), ('房地产/工程/建筑','安庆','35','5128.57'), ('人事/行政/财务/法务','湛江','44','6602.27'), ('房地产/工程/建筑','无锡','44','9715.91'), ('人事/行政/财务/法务','德阳','43','12116.28'), ('房地产/工程/建筑','嘉兴','43','7883.72'), ('物流/采购/供应链','南通','43','5965.12'), ('物流/采购/供应链','镇江','43','7104.65'), ('人事/行政/财务/法务','衢州','43','9255.81'), ('房地产/工程/建筑','泰州','43','6511.63'), ('房地产/工程/建筑','海口','43','8267.44'), ('医疗/医美/医务','长沙','43','7174.42'), ('房地产/工程/建筑','大连','43','5593.02'), ('人事/行政/财务/法务','安康','27','17907.41'), ('医疗/医美/医务','重庆','28','5482.14'), ('物流/采购/供应链','临沂','31','7145.16'), ('医疗/医美/医务','苏州','19','8868.42'), ('人事/行政/财务/法务','铜川','28','7178.57'), ('房地产/工程/建筑','宁波','27','8500');
INSERT INTO `industry_job_stat` VALUES ('物流/采购/供应链','邢台','31','6161.29'), ('物流/采购/供应链','汕尾','19','11000'), ('人事/行政/财务/法务','焦作','28','7035.71'), ('物流/采购/供应链','十堰','31','6516.13'), ('人事/行政/财务/法务','伊犁','27','16981.48'), ('物流/采购/供应链','孝感','20','5600'), ('人事/行政/财务/法务','和田','19','10184.21'), ('人事/行政/财务/法务','昌吉','31','10887.1'), ('人事/行政/财务/法务','马鞍山','27','8314.81'), ('物流/采购/供应链','芜湖','28','5928.57'), ('人事/行政/财务/法务','六安','31','11016.13'), ('物流/采购/供应链','鞍山','26','3846.15'), ('医疗/医美/医务','海口','20','5675'), ('房地产/工程/建筑','衡水','19','13526.32'), ('人事/行政/财务/法务','云浮','26','8250'), ('物流/采购/供应链','商丘','29','4913.79'), ('房地产/工程/建筑','衢州','28','6357.14'), ('房地产/工程/建筑','张家口','20','14600'), ('人事/行政/财务/法务','拉萨','31','11516.13'), ('物流/采购/供应链','拉萨','31','8435.48'), ('人事/行政/财务/法务','赣州','29','10465.52'), ('物流/采购/供应链','株洲','26','5576.92'), ('人事/行政/财务/法务','临汾','28','6107.14'), ('人事/行政/财务/法务','朝阳','20','11250'), ('物流/采购/供应链','九江','31','4758.06'), ('人事/行政/财务/法务','益阳','19','5552.63'), ('物流/采购/供应链','衡水','29','4879.31'), ('人事/行政/财务/法务','齐齐哈尔','26','4230.77'), ('物流/采购/供应链','咸宁','20','5225'), ('房地产/工程/建筑','绵阳','31','6774.19'), ('物流/采购/供应链','滨州','26','4980.77'), ('物流/采购/供应链','漯河','29','6810.34'), ('人事/行政/财务/法务','海西','20','10200'), ('房地产/工程/建筑','榆林','19','5710.53'), ('物流/采购/供应链','新乡','29','4913.79'), ('房地产/工程/建筑','徐州','20','7800'), ('人事/行政/财务/法务','枣庄','19','12184.16'), ('人事/行政/财务/法务','日喀则','18','12277.78'), ('人事/行政/财务/法务','亳州','29','6327.59'), ('房地产/工程/建筑','东莞','20','7200'), ('房地产/工程/建筑','商丘','18','4694.44'), ('房地产/工程/建筑','德阳','29','8551.72'), ('医疗/医美/医务','合肥','20','9050'), ('医疗/医美/医务','镇江','18','12861.11'), ('物流/采购/供应链','西咸新区','29','5827.59'), ('人事/行政/财务/法务','永州','18','8333.33'), ('物流/采购/供应链','吕梁','20','7150'), ('人事/行政/财务/法务','承德','18','58504.14'), ('人事/行政/财务/法务','娄底','20','8150'), ('物流/采购/供应链','湘潭','18','14638.89'), ('物流/采购/供应链','韶关','18','5916.67'), ('房地产/工程/建筑','聊城','18','9722.22'), ('物流/采购/供应链','榆林','18','5222.22'), ('医疗/医美/医务','广州','30','9950'), ('物流/采购/供应链','湖州','24','10395.83'), ('物流/采购/供应链','沧州','30','5800'), ('物流/采购/供应链','阜阳','24','5375'), ('物流/采购/供应链','威海','30','5116.67'), ('房地产/工程/建筑','亳州','24','6000'), ('物流/采购/供应链','衢州','30','7200'), ('房地产/工程/建筑','鄂尔多斯','24','8708.33'), ('人事/行政/财务/法务','松原','30','6766.67'), ('医疗/医美/医务','西安','24','6625'), ('人事/行政/财务/法务','株洲','30','9887.48'), ('人事/行政/财务/法务','本溪','24','4833.33'), ('人事/行政/财务/法务','淮北','24','10416.67'), ('人事/行政/财务/法务','盘锦','30','9400'), ('物流/采购/供应链','聊城','24','6645.83'), ('物流/采购/供应链','晋中','24','5854.17'), ('房地产/工程/建筑','淮安','30','5350'), ('物流/采购/供应链','咸阳','24','5854.17'), ('医疗/医美/医务','石家庄','22','6295.45'), ('房地产/工程/建筑','连云港','23','5543.48'), ('物流/采购/供应链','平顶山','23','4695.65'), ('医疗/医美/医务','深圳','22','11840.91'), ('房地产/工程/建筑','台州','23','8369.57'), ('人事/行政/财务/法务','哈密','22','16181.82'), ('房地产/工程/建筑','南阳','23','6739.13'), ('人事/行政/财务/法务','香港','22','10295.45'), ('人事/行政/财务/法务','宣城','23','6739.13'), ('人事/行政/财务/法务','遂宁','22','7909.09'), ('物流/采购/供应链','焦作','23','3913.04'), ('医疗/医美/医务','南昌','15','6833.33'), ('医疗/医美/医务','德州','21','5357.14'), ('物流/采购/供应链','马鞍山','23','5173.91'), ('人事/行政/财务/法务','汕尾','15','6600'), ('物流/采购/供应链','绥化','13','4346.15'), ('人事/行政/财务/法务','邵阳','21','5976.19'), ('人事/行政/财务/法务','舟山','13','17615.38'), ('物流/采购/供应链','日喀则','15','7466.67'), ('房地产/工程/建筑','许昌','21','4571.43'), ('房地产/工程/建筑','汕尾','13','25000'), ('房地产/工程/建筑','厦门','21','7928.57'), ('物流/采购/供应链','安康','15','4000'), ('物流/采购/供应链','营口','13','5576.92'), ('人事/行政/财务/法务','衡阳','21','8285.71'), ('人事/行政/财务/法务','大庆','15','6166.67'), ('物流/采购/供应链','萍乡','13','5307.69'), ('人事/行政/财务/法务','辽阳','21','8309.52'), ('房地产/工程/建筑','丽水','15','6766.67');
INSERT INTO `industry_job_stat` VALUES ('人事/行政/财务/法务','潮州','21','11880.95'), ('医疗/医美/医务','沈阳','15','5133.33'), ('物流/采购/供应链','驻马店','13','4961.54'), ('物流/采购/供应链','娄底','15','4133.33'), ('物流/采购/供应链','黄石','13','4653.85'), ('房地产/工程/建筑','长治','21','5714.29'), ('人事/行政/财务/法务','六盘水','13','26230.77'), ('人事/行政/财务/法务','孝感','21','6857.14'), ('物流/采购/供应链','丽水','15','8166.67'), ('物流/采购/供应链','盘锦','13','8615.38'), ('人事/行政/财务/法务','丽水','15','14666.67'), ('人事/行政/财务/法务','锦州','21','8714.19'), ('人事/行政/财务/法务','毕节','13','11115.38'), ('房地产/工程/建筑','德州','25','6160'), ('房地产/工程/建筑','昌吉','17','9647.06'), ('物流/采购/供应链','阳泉','21','4571.43'), ('人事/行政/财务/法务','景德镇','15','10633.33'), ('物流/采购/供应链','喀什','17','5294.12'), ('人事/行政/财务/法务','乌兰察布','25','8440'), ('物流/采购/供应链','桂林','13','4769.23'), ('物流/采购/供应链','上饶','13','5692.31'), ('物流/采购/供应链','宜昌','25','5980'), ('人事/行政/财务/法务','澄迈','17','9941.18'), ('人事/行政/财务/法务','桂林','25','9700'), ('人事/行政/财务/法务','玉林','13','6346.15'), ('人事/行政/财务/法务','荆门','17','9117.65'), ('人事/行政/财务/法务','丹东','25','5260'), ('物流/采购/供应链','东营','13','11355.73'), ('物流/采购/供应链','怀化','17','6441.18'), ('人事/行政/财务/法务','运城','25','5540'), ('医疗/医美/医务','金华','17','10294.12'), ('人事/行政/财务/法务','通辽','25','11000'), ('人事/行政/财务/法务','遵义','25','8441.58'), ('房地产/工程/建筑','惠州','25','9780'), ('物流/采购/供应链','江门','16','5843.75'), ('房地产/工程/建筑','湛江','16','11531.25'), ('人事/行政/财务/法务','云南','16','6159.66'), ('房地产/工程/建筑','菏泽','16','6312.5'), ('物流/采购/供应链','鄂尔多斯','16','5718.75'), ('人事/行政/财务/法务','汉中','7','6714.29'), ('医疗/医美/医务','武汉','16','6562.5'), ('人事/行政/财务/法务','黔东南','7','7500'), ('物流/采购/供应链','张家口','16','4625'), ('人事/行政/财务/法务','梅州','9','4214.83'), ('医疗/医美/医务','昆明','11','7272.73'), ('人事/行政/财务/法务','黄石','7','13285.71'), ('物流/采购/供应链','长治','14','6071.43'), ('物流/采购/供应链','西宁','9','5000'), ('人事/行政/财务/法务','甘孜','11','6909.09'), ('房地产/工程/建筑','眉山','14','8500'), ('人事/行政/财务/法务','乐东','9','5333.33'), ('人事/行政/财务/法务','阳泉','7','7000'), ('房地产/工程/建筑','鹤壁','14','6000'), ('医疗/医美/医务','拉萨','9','7000'), ('房地产/工程/建筑','唐山','11','6136.36'), ('人事/行政/财务/法务','洋浦市/洋浦经济开发区','7','10071.43'), ('人事/行政/财务/法务','河南','14','6392.86'), ('人事/行政/财务/法务','晋城','9','6777.78'), ('医疗/医美/医务','济南','11','6000'), ('房地产/工程/建筑','咸宁','14','5571.43'), ('人事/行政/财务/法务','三门峡','9','5000'), ('人事/行政/财务/法务','山东','11','15181.82'), ('物流/采购/供应链','开封','7','5357.14'), ('房地产/工程/建筑','葫芦岛','14','11500'), ('人事/行政/财务/法务','防城港','9','9000'), ('人事/行政/财务/法务','黄冈','11','6227.27'), ('人事/行政/财务/法务','兴安盟','14','12142.86'), ('人事/行政/财务/法务','儋州','14','11428.57'), ('房地产/工程/建筑','巴彦淖尔','9','5555.56'), ('房地产/工程/建筑','通辽','6','4000'), ('房地产/工程/建筑','巴音郭楞','9','4666.67'), ('人事/行政/财务/法务','鹤岗','6','7500'), ('人事/行政/财务/法务','黔南','9','14222.22'), ('人事/行政/财务/法务','新余','6','7500'), ('物流/采购/供应链','丹东','9','5388.89'), ('房地产/工程/建筑','马鞍山','14','5000'), ('物流/采购/供应链','阜新','7','4000'), ('物流/采购/供应链','铜陵','6','5750'), ('人事/行政/财务/法务','铜仁','9','7555.56'), ('物流/采购/供应链','赣州','14','5142.86'), ('物流/采购/供应链','广安','9','4222.22'), ('物流/采购/供应链','汉中','6','4000'), ('物流/采购/供应链','承德','7','5500'), ('物流/采购/供应链','葫芦岛','9','5000'), ('医疗/医美/医务','贵阳','14','5535.71'), ('物流/采购/供应链','东莞','6','6083.33'), ('物流/采购/供应链','南阳','14','5892.86'), ('人事/行政/财务/法务','咸宁','7','8071.43'), ('人事/行政/财务/法务','鞍山','14','7214.29'), ('物流/采购/供应链','巴彦淖尔','6','6583.33'), ('房地产/工程/建筑','银川','12','4500'), ('物流/采购/供应链','淮安','14','6107.14'), ('人事/行政/财务/法务','酒泉','6','12416.67'), ('房地产/工程/建筑','邢台','7','4642.86'), ('人事/行政/财务/法务','三明','12','7875'), ('医疗/医美/医务','杭州','14','8250'), ('医疗/医美/医务','乌鲁木齐','7','8000'), ('人事/行政/财务/法务','延边','6','7333.33'), ('物流/采购/供应链','日照','12','4833.33'), ('房地产/工程/建筑','本溪','14','9107.14');
INSERT INTO `industry_job_stat` VALUES ('物流/采购/供应链','三亚','6','10333.33'), ('房地产/工程/建筑','威海','7','6785.71'), ('物流/采购/供应链','宿迁','12','5250'), ('人事/行政/财务/法务','滁州','14','14428.57'), ('房地产/工程/建筑','南宁','7','7357.14'), ('房地产/工程/建筑','雅安','6','5333.33'), ('房地产/工程/建筑','九江','12','5125'), ('人事/行政/财务/法务','广东','14','10392.86'), ('房地产/工程/建筑','虹口区','6','19250'), ('医疗/医美/医务','珠海','6','6500'), ('人事/行政/财务/法务','莆田','12','8000'), ('医疗/医美/医务','株洲','5','6500'), ('房地产/工程/建筑','宝鸡','8','5500'), ('物流/采购/供应链','临汾','10','5050'), ('物流/采购/供应链','淮南','6','5333.33'), ('人事/行政/财务/法务','克拉玛依','10','9400'), ('人事/行政/财务/法务','晋中','8','7187.5'), ('人事/行政/财务/法务','内江','6','5916.67'), ('物流/采购/供应链','台州','5','5500'), ('物流/采购/供应链','滁州','12','6166.67'), ('人事/行政/财务/法务','自贡','10','9000'), ('人事/行政/财务/法务','茂名','8','6937.5'), ('医疗/医美/医务','常州','6','5333.25'), ('物流/采购/供应链','通辽','5','5100'), ('房地产/工程/建筑','临汾','10','5400'), ('物流/采购/供应链','吉安','8','3562.5'), ('房地产/工程/建筑','赤峰','6','9916.67'), ('人事/行政/财务/法务','龙岩','5','6200'), ('物流/采购/供应链','宜春','12','5333.33'), ('物流/采购/供应链','江苏','10','5500'), ('房地产/工程/建筑','萍乡','8','4500'), ('房地产/工程/建筑','镇江','6','5166.67'), ('人事/行政/财务/法务','渭南','8','7500'), ('人事/行政/财务/法务','南充','10','7200'), ('物流/采购/供应链','阿克苏','6','5083.33'), ('房地产/工程/建筑','濮阳','5','5600'), ('人事/行政/财务/法务','海南','12','12000'), ('房地产/工程/建筑','石河子市','10','8000'), ('人事/行政/财务/法务','大同','8','5812.5'), ('房地产/工程/建筑','龙岩','5','7900'), ('房地产/工程/建筑','盘锦','12','4166.67'), ('物流/采购/供应链','景德镇','8','7250'), ('物流/采购/供应链','汕头','10','7250'), ('物流/采购/供应链','锦州','8','4000'), ('房地产/工程/建筑','信阳','5','5200'), ('房地产/工程/建筑','阿克苏','12','5958.33'), ('房地产/工程/建筑','漳州','8','8187.5'), ('房地产/工程/建筑','绍兴','10','9600'), ('房地产/工程/建筑','乐山','5','9000'), ('房地产/工程/建筑','潍坊','12','8375'), ('人事/行政/财务/法务','抚州','10','6000'), ('物流/采购/供应链','抚顺','8','3625'), ('房地产/工程/建筑','承德','5','4500'), ('物流/采购/供应链','忻州','8','4000'), ('医疗/医美/医务','福州','10','6050'), ('人事/行政/财务/法务','巴彦淖尔','12','15916.67'), ('物流/采购/供应链','岳阳','8','6062.5'), ('物流/采购/供应链','龙岩','10','7000'), ('房地产/工程/建筑','大同','5','3500'), ('物流/采购/供应链','乌兰察布','12','5750'), ('人事/行政/财务/法务','钦州','10','6750'), ('人事/行政/财务/法务','忻州','8','7000'), ('房地产/工程/建筑','驻马店','5','6000'), ('房地产/工程/建筑','上饶','12','5875'), ('物流/采购/供应链','安阳','10','5550'), ('人事/行政/财务/法务','塔城','8','8000'), ('人事/行政/财务/法务','锡林郭勒盟','5','15800'), ('人事/行政/财务/法务','陇南','12','9083.33'), ('人事/行政/财务/法务','白银','10','9000'), ('人事/行政/财务/法务','天水','8','4500'), ('物流/采购/供应链','昌吉','5','5200'), ('人事/行政/财务/法务','阳江','12','6000'), ('人事/行政/财务/法务','汕头','8','13937.5'), ('物流/采购/供应链','肇庆','10','6700'), ('物流/采购/供应链','惠州','5','5100'), ('人事/行政/财务/法务','文山','10','6900'), ('物流/采购/供应链','遂宁','8','6000'), ('房地产/工程/建筑','孝感','5','17500'), ('房地产/工程/建筑','遂宁','10','6000'), ('人事/行政/财务/法务','陵水','5','13500'), ('人事/行政/财务/法务','昭通','10','5200'), ('人事/行政/财务/法务','阿克苏','5','10900'), ('人事/行政/财务/法务','安顺','5','12200'), ('人事/行政/财务/法务','广安','5','24900'), ('房地产/工程/建筑','赣州','5','7200'), ('物流/采购/供应链','运城','5','3600'), ('医疗/医美/医务','佛山','5','6500'), ('房地产/工程/建筑','滨州','4','6500'), ('房地产/工程/建筑','吉林市','5','3900'), ('物流/采购/供应链','眉山','4','5125'), ('房地产/工程/建筑','宁德','5','6000'), ('物流/采购/供应链','晋城','4','4500'), ('医疗/医美/医务','亳州','5','5500'), ('医疗/医美/医务','哈尔滨','4','4125'), ('人事/行政/财务/法务','海东','4','5125'), ('医疗/医美/医务','赣州','3','2703.17'), ('物流/采购/供应链','泸州','3','6666.67'), ('物流/采购/供应链','辽阳','4','5125'), ('物流/采购/供应链','宁德','3','6000'), ('人事/行政/财务/法务','阜新','4','5125');
INSERT INTO `industry_job_stat` VALUES ('物流/采购/供应链','朝阳','3','3500'), ('人事/行政/财务/法务','湘西','4','4750'), ('人事/行政/财务/法务','朔州','3','4166.67'), ('人事/行政/财务/法务','琼海','4','12000'), ('物流/采购/供应链','伊犁','3','5666.67'), ('人事/行政/财务/法务','玉溪','4','20000'), ('医疗/医美/医务','青岛','3','7166.67'), ('医疗/医美/医务','保定','4','8875'), ('人事/行政/财务/法务','常德','3','17000'), ('医疗/医美/医务','惠州','4','9125'), ('人事/行政/财务/法务','凉山','3','5666.67'), ('物流/采购/供应链','铁岭','4','4750'), ('物流/采购/供应链','香港','3','5500'), ('物流/采购/供应链','安庆','4','9750'), ('医疗/医美/医务','太原','3','4833.33'), ('医疗/医美/医务','晋中','4','4000'), ('房地产/工程/建筑','中山','3','11000'), ('房地产/工程/建筑','株洲','4','10000'), ('人事/行政/财务/法务','安庆','3','15000'), ('物流/采购/供应链','宣城','4','6125'), ('房地产/工程/建筑','抚顺','3','3500'), ('人事/行政/财务/法务','百色','4','4500'), ('医疗/医美/医务','新乡','3','5666.67'), ('人事/行政/财务/法务','雅安','4','8750'), ('人事/行政/财务/法务','昌都','3','7000'), ('人事/行政/财务/法务','河池','4','5000'), ('人事/行政/财务/法务','七台河','3','5666.67'), ('人事/行政/财务/法务','十堰','4','6875'), ('房地产/工程/建筑','咸阳','3','5833.33'), ('房地产/工程/建筑','六安','4','5750'), ('医疗/医美/医务','烟台','3','5000'), ('医疗/医美/医务','南通','4','5500'), ('人事/行政/财务/法务','中卫','3','7833.33'), ('物流/采购/供应链','新余','4','4000'), ('房地产/工程/建筑','庆阳','3','5500'), ('人事/行政/财务/法务','南平','4','15375'), ('医疗/医美/医务','无锡','3','5500'), ('医疗/医美/医务','南宁','4','4500'), ('人事/行政/财务/法务','图木舒克市','3','10666.67'), ('物流/采购/供应链','淮北','4','5500'), ('物流/采购/供应链','酒泉','3','4500'), ('房地产/工程/建筑','吉安','4','7500'), ('房地产/工程/建筑','佳木斯','3','7000'), ('医疗/医美/医务','威海','4','5625'), ('物流/采购/供应链','蚌埠','3','6166.67'), ('房地产/工程/建筑','宣城','4','6500'), ('物流/采购/供应链','漳州','3','6666.67'), ('医疗/医美/医务','昌吉','4','4500'), ('房地产/工程/建筑','晋中','3','4000'), ('人事/行政/财务/法务','红河','4','4500'), ('人事/行政/财务/法务','宿州','3','6166.67'), ('房地产/工程/建筑','六盘水','4','10000'), ('人事/行政/财务/法务','随州','3','6333.33'), ('物流/采购/供应链','遵义','4','5500'), ('房地产/工程/建筑','丹东','4','4750'), ('人事/行政/财务/法务','五家渠市','2','8750'), ('人事/行政/财务/法务','抚顺','4','8875'), ('物流/采购/供应链','莆田','2','6000'), ('人事/行政/财务/法务','德宏','2','6750'), ('人事/行政/财务/法务','喀什','4','5000'), ('物流/采购/供应链','昌都','2','7500'), ('医疗/医美/医务','宜昌','2','5500'), ('人事/行政/财务/法务','乌海','4','9500'), ('房地产/工程/建筑','鄂州','2','5000'), ('房地产/工程/建筑','朝阳','2','9000'), ('人事/行政/财务/法务','崇左','2','8500'), ('房地产/工程/建筑','日照','2','5500'), ('物流/采购/供应链','资阳','2','8750'), ('物流/采购/供应链','自贡','2','6000'), ('人事/行政/财务/法务','恩施','2','6500'), ('房地产/工程/建筑','清远','2','12500'), ('人事/行政/财务/法务','资阳','2','10000'), ('医疗/医美/医务','宁波','2','6750'), ('房地产/工程/建筑','临夏','1','7500'), ('物流/采购/供应链','虹口区','1','42500'), ('房地产/工程/建筑','三亚','2','6000'), ('物流/采购/供应链','白城','1','15000'), ('医疗/医美/医务','南阳','2','6000'), ('人事/行政/财务/法务','庆阳','1','7000'), ('医疗/医美/医务','泰州','2','5500'), ('人事/行政/财务/法务','黑河','1','8500'), ('人事/行政/财务/法务','郴州','2','6500'), ('医疗/医美/医务','德阳','1','4000'), ('物流/采购/供应链','枣庄','2','4250'), ('房地产/工程/建筑','渭南','1','7500'), ('人事/行政/财务/法务','贵州','2','16249.5'), ('人事/行政/财务/法务','广元','1','30000'), ('房地产/工程/建筑','晋城','2','4000'), ('房地产/工程/建筑','牡丹江','1','10000'), ('房地产/工程/建筑','黔南','2','9000'), ('医疗/医美/医务','开封','1','4000'), ('人事/行政/财务/法务','林芝','2','7500'), ('人事/行政/财务/法务','吴忠','1','7000'), ('医疗/医美/医务','厦门','2','5000'), ('房地产/工程/建筑','乌兰察布','1','7000'), ('物流/采购/供应链','牡丹江','2','4500'), ('房地产/工程/建筑','安顺','1','5000'), ('人事/行政/财务/法务','韶关','2','5500'), ('医疗/医美/医务','焦作','1','4000'), ('房地产/工程/建筑','开封','2','6000');
INSERT INTO `industry_job_stat` VALUES ('物流/采购/供应链','大同','1','4500'), ('医疗/医美/医务','徐州','2','7500'), ('物流/采购/供应链','湛江','1','8000'), ('房地产/工程/建筑','中卫','2','9250'), ('人事/行政/财务/法务','四平','1','5000'), ('人事/行政/财务/法务','河源','2','10250'), ('房地产/工程/建筑','大庆','1','12000'), ('房地产/工程/建筑','抚州','2','5000'), ('人事/行政/财务/法务','延安','1','6000'), ('房地产/工程/建筑','内江','2','5000'), ('房地产/工程/建筑','洋浦市/洋浦经济开发区','1','5000'), ('物流/采购/供应链','益阳','2','6500'), ('医疗/医美/医务','湖州','1','6000'), ('房地产/工程/建筑','娄底','2','12000'), ('房地产/工程/建筑','崇左','1','8500'), ('房地产/工程/建筑','淮北','2','5250'), ('物流/采购/供应链','洋浦市/洋浦经济开发区','1','5000'), ('房地产/工程/建筑','铜陵','2','6000'), ('医疗/医美/医务','汕头','1','11500'), ('医疗/医美/医务','济宁','2','3500'), ('物流/采购/供应链','鹰潭','1','6500'), ('物流/采购/供应链','巴音郭楞','2','5500'), ('人事/行政/财务/法务','鹰潭','1','7500'), ('人事/行政/财务/法务','曲靖','2','6500'), ('人事/行政/财务/法务','固原','1','9000'), ('人事/行政/财务/法务','巴中','2','6000'), ('房地产/工程/建筑','周口','1','5000'), ('医疗/医美/医务','潍坊','2','5250'), ('物流/采购/供应链','朔州','1','6000'), ('房地产/工程/建筑','焦作','2','4000'), ('物流/采购/供应链','常德','1','6000'), ('房地产/工程/建筑','呼伦贝尔','2','5500'), ('人事/行政/财务/法务','吐鲁番','1','10500'), ('物流/采购/供应链','黄冈','2','5000'), ('房地产/工程/建筑','文昌','1','7000'), ('物流/采购/供应链','兴安盟','2','4500'), ('医疗/医美/医务','宿迁','1','6500'), ('房地产/工程/建筑','忻州','1','3500'), ('物流/采购/供应链','渭南','1','4000'), ('人事/行政/财务/法务','辽源','1','8500'), ('人事/行政/财务/法务','鹤壁','1','6000'), ('房地产/工程/建筑','三沙','1','9000'), ('物流/采购/供应链','南平','1','4000'), ('房地产/工程/建筑','楚雄','1','5000'), ('医疗/医美/医务','咸阳','1','6500'), ('物流/采购/供应链','柳州','1','6500'), ('房地产/工程/建筑','宿州','1','5000'), ('物流/采购/供应链','澄迈','1','5500'), ('物流/采购/供应链','衡阳','1','5000'), ('人事/行政/财务/法务','白城','1','6500'), ('房地产/工程/建筑','哈密','1','12500'), ('房地产/工程/建筑','香港','1','8500'), ('医疗/医美/医务','兰州','1','4000'), ('房地产/工程/建筑','金昌','1','4500'), ('房地产/工程/建筑','遵义','1','4500'), ('医疗/医美/医务','柳州','1','10500'), ('医疗/医美/医务','通化','1','10000'), ('物流/采购/供应链','五家渠市','1','7500'), ('人事/行政/财务/法务','白山','1','7500'), ('物流/采购/供应链','凉山','1','5000'), ('人事/行政/财务/法务','宁夏','1','8000'), ('物流/采购/供应链','中山','1','8000'), ('人事/行政/财务/法务','西双版纳','1','15000'), ('人事/行政/财务/法务','梧州','1','4500'), ('医疗/医美/医务','中山','1','8500'), ('房地产/工程/建筑','茂名','1','6000'), ('物流/采购/供应链','荆州','1','4500'), ('物流/采购/供应链','林芝','1','12000'), ('人事/行政/财务/法务','仙桃市','1','13000'), ('人事/行政/财务/法务','新星市','1','10000'), ('物流/采购/供应链','六安','1','7000'), ('房地产/工程/建筑','毕节','1','6500'), ('房地产/工程/建筑','甘孜','1','9000'), ('医疗/医美/医务','资阳','1','5000'), ('房地产/工程/建筑','襄阳','1','14500'), ('物流/采购/供应链','松原','1','3500'), ('房地产/工程/建筑','阳江','1','6000'), ('医疗/医美/医务','固原','1','5500'), ('人事/行政/财务/法务','保山','1','5000'), ('房地产/工程/建筑','巴中','1','5500'), ('人事/行政/财务/法务','楚雄','1','7500'), ('医疗/医美/医务','安阳','1','6000'), ('医疗/医美/医务','呼和浩特','1','6000'), ('医疗/医美/医务','克拉玛依','1','6000');
INSERT INTO `industry_salary_stat` VALUES ('医疗/医美/医务','8277.42','982'), ('房地产/工程/建筑','7601.34','10256'), ('物流/采购/供应链','6794.51','19318'), ('人事/行政/财务/法务','11226.48','61726');
